GSE,GSE_title,GSE_type,GSM,title,source_name_ch1,organism_ch1,characteristics_ch1,platform_id,instrument_model,library_strategy,library_source,supplementary_file,data_completeness
GSE72713,Transcriptome analysis of eosinophilic and noneosinophilic chronic rhinosinusitis with nasal polyps,Expression profiling by high throughput sequencing,GSM1868853,ECRSwNP1,Nasal polyp,Homo sapiens,tissue: Nasal polyp | diagnosis: Eosinophilic chronic rhinosinusitis with nasal polyps,GPL11154,Illumina HiSeq 2000,RNA-Seq,transcriptomic,GSE72713_RNA-seq_processed_data.txt.gz,complete
GSE72713,Transcriptome analysis of eosinophilic and noneosinophilic chronic rhinosinusitis with nasal polyps,Expression profiling by high throughput sequencing,GSM1868854,ECRSwNP2,Nasal polyp,Homo sapiens,tissue: Nasal polyp | diagnosis: Eosinophilic chronic rhinosinusitis with nasal polyps,GPL11154,Illumina HiSeq 2000,RNA-Seq,transcriptomic,GSE72713_RNA-seq_processed_data.txt.gz,complete
GSE72713,Transcriptome analysis of eosinophilic and noneosinophilic chronic rhinosinusitis with nasal polyps,Expression profiling by high throughput sequencing,GSM1868855,ECRSwNP3,Nasal polyp,Homo sapiens,tissue: Nasal polyp | diagnosis: Eosinophilic chronic rhinosinusitis with nasal polyps,GPL11154,Illumina HiSeq 2000,RNA-Seq,transcriptomic,GSE72713_RNA-seq_processed_data.txt.gz,complete
GSE72713,Transcriptome analysis of eosinophilic and noneosinophilic chronic rhinosinusitis with nasal polyps,Expression profiling by high throughput sequencing,GSM1868856,nonECRSwNP1,Nasal polyp,Homo sapiens,tissue: Nasal polyp | diagnosis: Noneosinophilic chronic rhinosinusitis with nasal polyps,GPL11154,Illumina HiSeq 2000,RNA-Seq,transcriptomic,GSE72713_RNA-seq_processed_data.txt.gz,complete
GSE72713,Transcriptome analysis of eosinophilic and noneosinophilic chronic rhinosinusitis with nasal polyps,Expression profiling by high throughput sequencing,GSM1868857,nonECRSwNP2,Nasal polyp,Homo sapiens,tissue: Nasal polyp | diagnosis: Noneosinophilic chronic rhinosinusitis with nasal polyps,GPL11154,Illumina HiSeq 2000,RNA-Seq,transcriptomic,GSE72713_RNA-seq_processed_data.txt.gz,complete
GSE72713,Transcriptome analysis of eosinophilic and noneosinophilic chronic rhinosinusitis with nasal polyps,Expression profiling by high throughput sequencing,GSM1868858,nonECRSwNP3,Nasal polyp,Homo sapiens,tissue: Nasal polyp | diagnosis: Noneosinophilic chronic rhinosinusitis with nasal polyps,GPL11154,Illumina HiSeq 2000,RNA-Seq,transcriptomic,GSE72713_RNA-seq_processed_data.txt.gz,complete
GSE72713,Transcriptome analysis of eosinophilic and noneosinophilic chronic rhinosinusitis with nasal polyps,Expression profiling by high throughput sequencing,GSM1868859,control1,Normal sinus mucosa,Homo sapiens,tissue: Normal sinus mucosa | diagnosis: Healthy control,GPL11154,Illumina HiSeq 2000,RNA-Seq,transcriptomic,GSE72713_RNA-seq_processed_data.txt.gz,complete
GSE72713,Transcriptome analysis of eosinophilic and noneosinophilic chronic rhinosinusitis with nasal polyps,Expression profiling by high throughput sequencing,GSM1868860,control2,Normal sinus mucosa,Homo sapiens,tissue: Normal sinus mucosa | diagnosis: Healthy control,GPL11154,Illumina HiSeq 2000,RNA-Seq,transcriptomic,GSE72713_RNA-seq_processed_data.txt.gz,complete
GSE72713,Transcriptome analysis of eosinophilic and noneosinophilic chronic rhinosinusitis with nasal polyps,Expression profiling by high throughput sequencing,GSM1868861,control3,Normal sinus mucosa,Homo sapiens,tissue: Normal sinus mucosa | diagnosis: Healthy control,GPL11154,Illumina HiSeq 2000,RNA-Seq,transcriptomic,GSE72713_RNA-seq_processed_data.txt.gz,complete
GSE172305,S100A8 Enhances IL-1beta Production from Nasal Epithelial Cells in Eosinophilic Chronic Rhinosinusitis,Expression profiling by high throughput sequencing,GSM5252189,NECRS_rep1,Nasal polyp tissue,Homo sapiens,tissue: Nasal polyp | diagnosis: Non-eosinophilic CRS,GPL18573,Illumina NextSeq 500,RNA-Seq,transcriptomic,GSE172305_RAW.tar,complete
GSE172305,S100A8 Enhances IL-1beta Production from Nasal Epithelial Cells in Eosinophilic Chronic Rhinosinusitis,Expression profiling by high throughput sequencing,GSM5252190,NECRS_rep2,Nasal polyp tissue,Homo sapiens,tissue: Nasal polyp | diagnosis: Non-eosinophilic CRS,GPL18573,Illumina NextSeq 500,RNA-Seq,transcriptomic,GSE172305_RAW.tar,complete
GSE172305,S100A8 Enhances IL-1beta Production from Nasal Epithelial Cells in Eosinophilic Chronic Rhinosinusitis,Expression profiling by high throughput sequencing,GSM5252191,ECRS_rep1,Nasal polyp tissue,Homo sapiens,tissue: Nasal polyp | diagnosis: Eosinophilic CRS,GPL18573,Illumina NextSeq 500,RNA-Seq,transcriptomic,GSE172305_RAW.tar,complete
GSE172305,S100A8 Enhances IL-1beta Production from Nasal Epithelial Cells in Eosinophilic Chronic Rhinosinusitis,Expression profiling by high throughput sequencing,GSM5252192,ECRS_rep2,Nasal polyp tissue,Homo sapiens,tissue: Nasal polyp | diagnosis: Eosinophilic CRS,GPL18573,Illumina NextSeq 500,RNA-Seq,transcriptomic,GSE172305_RAW.tar,complete
GSE136825,Whole-transcriptome sequencing reveals heightened inflammation and defective host defence responses in chronic rhinosinusitis with nasal polyps,Expression profiling by high throughput sequencing,GSM4058752,PY 01,Nasal Polyp Tissue,Homo sapiens,tissue: Nasal Polyp Tissue | group: CRSwNP,GPL20301,Illumina HiSeq 4000,RNA-Seq,transcriptomic,GSE136825_genecounts_20190903.txt.gz,partial_gsm_numbers_estimated
GSE136825,Whole-transcriptome sequencing reveals heightened inflammation and defective host defence responses in chronic rhinosinusitis with nasal polyps,Expression profiling by high throughput sequencing,GSM4058753,PY 02,Nasal Polyp Tissue,Homo sapiens,tissue: Nasal Polyp Tissue | group: CRSwNP,GPL20301,Illumina HiSeq 4000,RNA-Seq,transcriptomic,GSE136825_genecounts_20190903.txt.gz,partial_gsm_numbers_estimated
GSE136825,Whole-transcriptome sequencing reveals heightened inflammation and defective host defence responses in chronic rhinosinusitis with nasal polyps,Expression profiling by high throughput sequencing,GSM4058754,PY 03,Nasal Polyp Tissue,Homo sapiens,tissue: Nasal Polyp Tissue | group: CRSwNP,GPL20301,Illumina HiSeq 4000,RNA-Seq,transcriptomic,GSE136825_genecounts_20190903.txt.gz,partial_gsm_numbers_estimated
GSE136825,Whole-transcriptome sequencing reveals heightened inflammation and defective host defence responses in chronic rhinosinusitis with nasal polyps,Expression profiling by high throughput sequencing,GSM4058755,PY 04,Nasal Polyp Tissue,Homo sapiens,tissue: Nasal Polyp Tissue | group: CRSwNP,GPL20301,Illumina HiSeq 4000,RNA-Seq,transcriptomic,GSE136825_genecounts_20190903.txt.gz,partial_gsm_numbers_estimated
GSE136825,Whole-transcriptome sequencing reveals heightened inflammation and defective host defence responses in chronic rhinosinusitis with nasal polyps,Expression profiling by high throughput sequencing,GSM4058756,PY 05,Nasal Polyp Tissue,Homo sapiens,tissue: Nasal Polyp Tissue | group: CRSwNP,GPL20301,Illumina HiSeq 4000,RNA-Seq,transcriptomic,GSE136825_genecounts_20190903.txt.gz,partial_gsm_numbers_estimated
GSE136825,Whole-transcriptome sequencing reveals heightened inflammation and defective host defence responses in chronic rhinosinusitis with nasal polyps,Expression profiling by high throughput sequencing,GSM4058757,PY 06,Nasal Polyp Tissue,Homo sapiens,tissue: Nasal Polyp Tissue | group: CRSwNP,GPL20301,Illumina HiSeq 4000,RNA-Seq,transcriptomic,GSE136825_genecounts_20190903.txt.gz,partial_gsm_numbers_estimated
GSE136825,Whole-transcriptome sequencing reveals heightened inflammation and defective host defence responses in chronic rhinosinusitis with nasal polyps,Expression profiling by high throughput sequencing,GSM4058758,PY 07,Nasal Polyp Tissue,Homo sapiens,tissue: Nasal Polyp Tissue | group: CRSwNP,GPL20301,Illumina HiSeq 4000,RNA-Seq,transcriptomic,GSE136825_genecounts_20190903.txt.gz,partial_gsm_numbers_estimated
GSE136825,Whole-transcriptome sequencing reveals heightened inflammation and defective host defence responses in chronic rhinosinusitis with nasal polyps,Expression profiling by high throughput sequencing,GSM4058759,PY 08,Nasal Polyp Tissue,Homo sapiens,tissue: Nasal Polyp Tissue | group: CRSwNP,GPL20301,Illumina HiSeq 4000,RNA-Seq,transcriptomic,GSE136825_genecounts_20190903.txt.gz,partial_gsm_numbers_estimated
GSE136825,Whole-transcriptome sequencing reveals heightened inflammation and defective host defence responses in chronic rhinosinusitis with nasal polyps,Expression profiling by high throughput sequencing,GSM4058760,PY 09,Nasal Polyp Tissue,Homo sapiens,tissue: Nasal Polyp Tissue | group: CRSwNP,GPL20301,Illumina HiSeq 4000,RNA-Seq,transcriptomic,GSE136825_genecounts_20190903.txt.gz,partial_gsm_numbers_estimated
GSE136825,Whole-transcriptome sequencing reveals heightened inflammation and defective host defence responses in chronic rhinosinusitis with nasal polyps,Expression profiling by high throughput sequencing,GSM4058761,PY 10,Nasal Polyp Tissue,Homo sapiens,tissue: Nasal Polyp Tissue | group: CRSwNP,GPL20301,Illumina HiSeq 4000,RNA-Seq,transcriptomic,GSE136825_genecounts_20190903.txt.gz,partial_gsm_numbers_estimated
GSE136825,Whole-transcriptome sequencing reveals heightened inflammation and defective host defence responses in chronic rhinosinusitis with nasal polyps,Expression profiling by high throughput sequencing,GSM4058762,PY 11,Nasal Polyp Tissue,Homo sapiens,tissue: Nasal Polyp Tissue | group: CRSwNP,GPL20301,Illumina HiSeq 4000,RNA-Seq,transcriptomic,GSE136825_genecounts_20190903.txt.gz,partial_gsm_numbers_estimated
GSE136825,Whole-transcriptome sequencing reveals heightened inflammation and defective host defence responses in chronic rhinosinusitis with nasal polyps,Expression profiling by high throughput sequencing,GSM4058763,PY 12,Nasal Polyp Tissue,Homo sapiens,tissue: Nasal Polyp Tissue | group: CRSwNP,GPL20301,Illumina HiSeq 4000,RNA-Seq,transcriptomic,GSE136825_genecounts_20190903.txt.gz,partial_gsm_numbers_estimated
GSE136825,Whole-transcriptome sequencing reveals heightened inflammation and defective host defence responses in chronic rhinosinusitis with nasal polyps,Expression profiling by high throughput sequencing,GSM4058764,PY 13,Nasal Polyp Tissue,Homo sapiens,tissue: Nasal Polyp Tissue | group: CRSwNP,GPL20301,Illumina HiSeq 4000,RNA-Seq,transcriptomic,GSE136825_genecounts_20190903.txt.gz,partial_gsm_numbers_estimated
GSE136825,Whole-transcriptome sequencing reveals heightened inflammation and defective host defence responses in chronic rhinosinusitis with nasal polyps,Expression profiling by high throughput sequencing,GSM4058765,PY 14,Nasal Polyp Tissue,Homo sapiens,tissue: Nasal Polyp Tissue | group: CRSwNP,GPL20301,Illumina HiSeq 4000,RNA-Seq,transcriptomic,GSE136825_genecounts_20190903.txt.gz,partial_gsm_numbers_estimated
GSE136825,Whole-transcriptome sequencing reveals heightened inflammation and defective host defence responses in chronic rhinosinusitis with nasal polyps,Expression profiling by high throughput sequencing,GSM4058766,PY 15,Nasal Polyp Tissue,Homo sapiens,tissue: Nasal Polyp Tissue | group: CRSwNP,GPL20301,Illumina HiSeq 4000,RNA-Seq,transcriptomic,GSE136825_genecounts_20190903.txt.gz,partial_gsm_numbers_estimated
GSE136825,Whole-transcriptome sequencing reveals heightened inflammation and defective host defence responses in chronic rhinosinusitis with nasal polyps,Expression profiling by high throughput sequencing,GSM4058767,PY 16,Nasal Polyp Tissue,Homo sapiens,tissue: Nasal Polyp Tissue | group: CRSwNP,GPL20301,Illumina HiSeq 4000,RNA-Seq,transcriptomic,GSE136825_genecounts_20190903.txt.gz,partial_gsm_numbers_estimated
GSE136825,Whole-transcriptome sequencing reveals heightened inflammation and defective host defence responses in chronic rhinosinusitis with nasal polyps,Expression profiling by high throughput sequencing,GSM4058768,PY 17,Nasal Polyp Tissue,Homo sapiens,tissue: Nasal Polyp Tissue | group: CRSwNP,GPL20301,Illumina HiSeq 4000,RNA-Seq,transcriptomic,GSE136825_genecounts_20190903.txt.gz,partial_gsm_numbers_estimated
GSE136825,Whole-transcriptome sequencing reveals heightened inflammation and defective host defence responses in chronic rhinosinusitis with nasal polyps,Expression profiling by high throughput sequencing,GSM4058769,PY 18,Nasal Polyp Tissue,Homo sapiens,tissue: Nasal Polyp Tissue | group: CRSwNP,GPL20301,Illumina HiSeq 4000,RNA-Seq,transcriptomic,GSE136825_genecounts_20190903.txt.gz,partial_gsm_numbers_estimated
GSE136825,Whole-transcriptome sequencing reveals heightened inflammation and defective host defence responses in chronic rhinosinusitis with nasal polyps,Expression profiling by high throughput sequencing,GSM4058770,PY 19,Nasal Polyp Tissue,Homo sapiens,tissue: Nasal Polyp Tissue | group: CRSwNP,GPL20301,Illumina HiSeq 4000,RNA-Seq,transcriptomic,GSE136825_genecounts_20190903.txt.gz,partial_gsm_numbers_estimated
GSE136825,Whole-transcriptome sequencing reveals heightened inflammation and defective host defence responses in chronic rhinosinusitis with nasal polyps,Expression profiling by high throughput sequencing,GSM4058771,PY 20,Nasal Polyp Tissue,Homo sapiens,tissue: Nasal Polyp Tissue | group: CRSwNP,GPL20301,Illumina HiSeq 4000,RNA-Seq,transcriptomic,GSE136825_genecounts_20190903.txt.gz,partial_gsm_numbers_estimated
GSE136825,Whole-transcriptome sequencing reveals heightened inflammation and defective host defence responses in chronic rhinosinusitis with nasal polyps,Expression profiling by high throughput sequencing,GSM4058772,PY 21,Nasal Polyp Tissue,Homo sapiens,tissue: Nasal Polyp Tissue | group: CRSwNP,GPL20301,Illumina HiSeq 4000,RNA-Seq,transcriptomic,GSE136825_genecounts_20190903.txt.gz,partial_gsm_numbers_estimated
GSE136825,Whole-transcriptome sequencing reveals heightened inflammation and defective host defence responses in chronic rhinosinusitis with nasal polyps,Expression profiling by high throughput sequencing,GSM4058773,PY 22,Nasal Polyp Tissue,Homo sapiens,tissue: Nasal Polyp Tissue | group: CRSwNP,GPL20301,Illumina HiSeq 4000,RNA-Seq,transcriptomic,GSE136825_genecounts_20190903.txt.gz,partial_gsm_numbers_estimated
GSE136825,Whole-transcriptome sequencing reveals heightened inflammation and defective host defence responses in chronic rhinosinusitis with nasal polyps,Expression profiling by high throughput sequencing,GSM4058774,PY 23,Nasal Polyp Tissue,Homo sapiens,tissue: Nasal Polyp Tissue | group: CRSwNP,GPL20301,Illumina HiSeq 4000,RNA-Seq,transcriptomic,GSE136825_genecounts_20190903.txt.gz,partial_gsm_numbers_estimated
GSE136825,Whole-transcriptome sequencing reveals heightened inflammation and defective host defence responses in chronic rhinosinusitis with nasal polyps,Expression profiling by high throughput sequencing,GSM4058775,PY 24,Nasal Polyp Tissue,Homo sapiens,tissue: Nasal Polyp Tissue | group: CRSwNP,GPL20301,Illumina HiSeq 4000,RNA-Seq,transcriptomic,GSE136825_genecounts_20190903.txt.gz,partial_gsm_numbers_estimated
GSE136825,Whole-transcriptome sequencing reveals heightened inflammation and defective host defence responses in chronic rhinosinusitis with nasal polyps,Expression profiling by high throughput sequencing,GSM4058776,PY 25,Nasal Polyp Tissue,Homo sapiens,tissue: Nasal Polyp Tissue | group: CRSwNP,GPL20301,Illumina HiSeq 4000,RNA-Seq,transcriptomic,GSE136825_genecounts_20190903.txt.gz,partial_gsm_numbers_estimated
GSE136825,Whole-transcriptome sequencing reveals heightened inflammation and defective host defence responses in chronic rhinosinusitis with nasal polyps,Expression profiling by high throughput sequencing,GSM4058777,PY 26,Nasal Polyp Tissue,Homo sapiens,tissue: Nasal Polyp Tissue | group: CRSwNP,GPL20301,Illumina HiSeq 4000,RNA-Seq,transcriptomic,GSE136825_genecounts_20190903.txt.gz,partial_gsm_numbers_estimated
GSE136825,Whole-transcriptome sequencing reveals heightened inflammation and defective host defence responses in chronic rhinosinusitis with nasal polyps,Expression profiling by high throughput sequencing,GSM4058778,PY 27,Nasal Polyp Tissue,Homo sapiens,tissue: Nasal Polyp Tissue | group: CRSwNP,GPL20301,Illumina HiSeq 4000,RNA-Seq,transcriptomic,GSE136825_genecounts_20190903.txt.gz,partial_gsm_numbers_estimated
GSE136825,Whole-transcriptome sequencing reveals heightened inflammation and defective host defence responses in chronic rhinosinusitis with nasal polyps,Expression profiling by high throughput sequencing,GSM4058779,PY 28,Nasal Polyp Tissue,Homo sapiens,tissue: Nasal Polyp Tissue | group: CRSwNP,GPL20301,Illumina HiSeq 4000,RNA-Seq,transcriptomic,GSE136825_genecounts_20190903.txt.gz,partial_gsm_numbers_estimated
GSE136825,Whole-transcriptome sequencing reveals heightened inflammation and defective host defence responses in chronic rhinosinusitis with nasal polyps,Expression profiling by high throughput sequencing,GSM4058780,PY 29,Nasal Polyp Tissue,Homo sapiens,tissue: Nasal Polyp Tissue | group: CRSwNP,GPL20301,Illumina HiSeq 4000,RNA-Seq,transcriptomic,GSE136825_genecounts_20190903.txt.gz,partial_gsm_numbers_estimated
GSE136825,Whole-transcriptome sequencing reveals heightened inflammation and defective host defence responses in chronic rhinosinusitis with nasal polyps,Expression profiling by high throughput sequencing,GSM4058781,PY 30,Nasal Polyp Tissue,Homo sapiens,tissue: Nasal Polyp Tissue | group: CRSwNP,GPL20301,Illumina HiSeq 4000,RNA-Seq,transcriptomic,GSE136825_genecounts_20190903.txt.gz,partial_gsm_numbers_estimated
GSE136825,Whole-transcriptome sequencing reveals heightened inflammation and defective host defence responses in chronic rhinosinusitis with nasal polyps,Expression profiling by high throughput sequencing,GSM4058782,PY 31,Nasal Polyp Tissue,Homo sapiens,tissue: Nasal Polyp Tissue | group: CRSwNP,GPL20301,Illumina HiSeq 4000,RNA-Seq,transcriptomic,GSE136825_genecounts_20190903.txt.gz,partial_gsm_numbers_estimated
GSE136825,Whole-transcriptome sequencing reveals heightened inflammation and defective host defence responses in chronic rhinosinusitis with nasal polyps,Expression profiling by high throughput sequencing,GSM4058783,PY 32,Nasal Polyp Tissue,Homo sapiens,tissue: Nasal Polyp Tissue | group: CRSwNP,GPL20301,Illumina HiSeq 4000,RNA-Seq,transcriptomic,GSE136825_genecounts_20190903.txt.gz,partial_gsm_numbers_estimated
GSE136825,Whole-transcriptome sequencing reveals heightened inflammation and defective host defence responses in chronic rhinosinusitis with nasal polyps,Expression profiling by high throughput sequencing,GSM4058784,PY 33,Nasal Polyp Tissue,Homo sapiens,tissue: Nasal Polyp Tissue | group: CRSwNP,GPL20301,Illumina HiSeq 4000,RNA-Seq,transcriptomic,GSE136825_genecounts_20190903.txt.gz,partial_gsm_numbers_estimated
GSE136825,Whole-transcriptome sequencing reveals heightened inflammation and defective host defence responses in chronic rhinosinusitis with nasal polyps,Expression profiling by high throughput sequencing,GSM4058785,PY 34,Nasal Polyp Tissue,Homo sapiens,tissue: Nasal Polyp Tissue | group: CRSwNP,GPL20301,Illumina HiSeq 4000,RNA-Seq,transcriptomic,GSE136825_genecounts_20190903.txt.gz,partial_gsm_numbers_estimated
GSE136825,Whole-transcriptome sequencing reveals heightened inflammation and defective host defence responses in chronic rhinosinusitis with nasal polyps,Expression profiling by high throughput sequencing,GSM4058786,PY 35,Nasal Polyp Tissue,Homo sapiens,tissue: Nasal Polyp Tissue | group: CRSwNP,GPL20301,Illumina HiSeq 4000,RNA-Seq,transcriptomic,GSE136825_genecounts_20190903.txt.gz,partial_gsm_numbers_estimated
GSE136825,Whole-transcriptome sequencing reveals heightened inflammation and defective host defence responses in chronic rhinosinusitis with nasal polyps,Expression profiling by high throughput sequencing,GSM4058787,PY 36,Nasal Polyp Tissue,Homo sapiens,tissue: Nasal Polyp Tissue | group: CRSwNP,GPL20301,Illumina HiSeq 4000,RNA-Seq,transcriptomic,GSE136825_genecounts_20190903.txt.gz,partial_gsm_numbers_estimated
GSE136825,Whole-transcriptome sequencing reveals heightened inflammation and defective host defence responses in chronic rhinosinusitis with nasal polyps,Expression profiling by high throughput sequencing,GSM4058788,PY 37,Nasal Polyp Tissue,Homo sapiens,tissue: Nasal Polyp Tissue | group: CRSwNP,GPL20301,Illumina HiSeq 4000,RNA-Seq,transcriptomic,GSE136825_genecounts_20190903.txt.gz,partial_gsm_numbers_estimated
GSE136825,Whole-transcriptome sequencing reveals heightened inflammation and defective host defence responses in chronic rhinosinusitis with nasal polyps,Expression profiling by high throughput sequencing,GSM4058789,PY 38,Nasal Polyp Tissue,Homo sapiens,tissue: Nasal Polyp Tissue | group: CRSwNP,GPL20301,Illumina HiSeq 4000,RNA-Seq,transcriptomic,GSE136825_genecounts_20190903.txt.gz,partial_gsm_numbers_estimated
GSE136825,Whole-transcriptome sequencing reveals heightened inflammation and defective host defence responses in chronic rhinosinusitis with nasal polyps,Expression profiling by high throughput sequencing,GSM4058790,PY 39,Nasal Polyp Tissue,Homo sapiens,tissue: Nasal Polyp Tissue | group: CRSwNP,GPL20301,Illumina HiSeq 4000,RNA-Seq,transcriptomic,GSE136825_genecounts_20190903.txt.gz,partial_gsm_numbers_estimated
GSE136825,Whole-transcriptome sequencing reveals heightened inflammation and defective host defence responses in chronic rhinosinusitis with nasal polyps,Expression profiling by high throughput sequencing,GSM4058791,PY 40,Nasal Polyp Tissue,Homo sapiens,tissue: Nasal Polyp Tissue | group: CRSwNP,GPL20301,Illumina HiSeq 4000,RNA-Seq,transcriptomic,GSE136825_genecounts_20190903.txt.gz,partial_gsm_numbers_estimated
GSE136825,Whole-transcriptome sequencing reveals heightened inflammation and defective host defence responses in chronic rhinosinusitis with nasal polyps,Expression profiling by high throughput sequencing,GSM4058792,PY 41,Nasal Polyp Tissue,Homo sapiens,tissue: Nasal Polyp Tissue | group: CRSwNP,GPL20301,Illumina HiSeq 4000,RNA-Seq,transcriptomic,GSE136825_genecounts_20190903.txt.gz,partial_gsm_numbers_estimated
GSE136825,Whole-transcriptome sequencing reveals heightened inflammation and defective host defence responses in chronic rhinosinusitis with nasal polyps,Expression profiling by high throughput sequencing,GSM4058793,PY 42,Nasal Polyp Tissue,Homo sapiens,tissue: Nasal Polyp Tissue | group: CRSwNP,GPL20301,Illumina HiSeq 4000,RNA-Seq,transcriptomic,GSE136825_genecounts_20190903.txt.gz,partial_gsm_numbers_estimated
GSE136825,Whole-transcriptome sequencing reveals heightened inflammation and defective host defence responses in chronic rhinosinusitis with nasal polyps,Expression profiling by high throughput sequencing,GSM4058794,IT 01,Inferior Turbinate Tissue,Homo sapiens,tissue: Inferior Turbinate Tissue | group: Control,GPL20301,Illumina HiSeq 4000,RNA-Seq,transcriptomic,GSE136825_genecounts_20190903.txt.gz,partial_gsm_numbers_estimated
GSE136825,Whole-transcriptome sequencing reveals heightened inflammation and defective host defence responses in chronic rhinosinusitis with nasal polyps,Expression profiling by high throughput sequencing,GSM4058795,IT 02,Inferior Turbinate Tissue,Homo sapiens,tissue: Inferior Turbinate Tissue | group: Control,GPL20301,Illumina HiSeq 4000,RNA-Seq,transcriptomic,GSE136825_genecounts_20190903.txt.gz,partial_gsm_numbers_estimated
GSE136825,Whole-transcriptome sequencing reveals heightened inflammation and defective host defence responses in chronic rhinosinusitis with nasal polyps,Expression profiling by high throughput sequencing,GSM4058796,IT 03,Inferior Turbinate Tissue,Homo sapiens,tissue: Inferior Turbinate Tissue | group: Control,GPL20301,Illumina HiSeq 4000,RNA-Seq,transcriptomic,GSE136825_genecounts_20190903.txt.gz,partial_gsm_numbers_estimated
GSE136825,Whole-transcriptome sequencing reveals heightened inflammation and defective host defence responses in chronic rhinosinusitis with nasal polyps,Expression profiling by high throughput sequencing,GSM4058797,IT 04,Inferior Turbinate Tissue,Homo sapiens,tissue: Inferior Turbinate Tissue | group: Control,GPL20301,Illumina HiSeq 4000,RNA-Seq,transcriptomic,GSE136825_genecounts_20190903.txt.gz,partial_gsm_numbers_estimated
GSE136825,Whole-transcriptome sequencing reveals heightened inflammation and defective host defence responses in chronic rhinosinusitis with nasal polyps,Expression profiling by high throughput sequencing,GSM4058798,IT 05,Inferior Turbinate Tissue,Homo sapiens,tissue: Inferior Turbinate Tissue | group: Control,GPL20301,Illumina HiSeq 4000,RNA-Seq,transcriptomic,GSE136825_genecounts_20190903.txt.gz,partial_gsm_numbers_estimated
GSE136825,Whole-transcriptome sequencing reveals heightened inflammation and defective host defence responses in chronic rhinosinusitis with nasal polyps,Expression profiling by high throughput sequencing,GSM4058799,IT 06,Inferior Turbinate Tissue,Homo sapiens,tissue: Inferior Turbinate Tissue | group: Control,GPL20301,Illumina HiSeq 4000,RNA-Seq,transcriptomic,GSE136825_genecounts_20190903.txt.gz,partial_gsm_numbers_estimated
GSE136825,Whole-transcriptome sequencing reveals heightened inflammation and defective host defence responses in chronic rhinosinusitis with nasal polyps,Expression profiling by high throughput sequencing,GSM4058800,IT 07,Inferior Turbinate Tissue,Homo sapiens,tissue: Inferior Turbinate Tissue | group: Control,GPL20301,Illumina HiSeq 4000,RNA-Seq,transcriptomic,GSE136825_genecounts_20190903.txt.gz,partial_gsm_numbers_estimated
GSE136825,Whole-transcriptome sequencing reveals heightened inflammation and defective host defence responses in chronic rhinosinusitis with nasal polyps,Expression profiling by high throughput sequencing,GSM4058801,IT 08,Inferior Turbinate Tissue,Homo sapiens,tissue: Inferior Turbinate Tissue | group: Control,GPL20301,Illumina HiSeq 4000,RNA-Seq,transcriptomic,GSE136825_genecounts_20190903.txt.gz,partial_gsm_numbers_estimated
GSE136825,Whole-transcriptome sequencing reveals heightened inflammation and defective host defence responses in chronic rhinosinusitis with nasal polyps,Expression profiling by high throughput sequencing,GSM4058802,IT 09,Inferior Turbinate Tissue,Homo sapiens,tissue: Inferior Turbinate Tissue | group: Control,GPL20301,Illumina HiSeq 4000,RNA-Seq,transcriptomic,GSE136825_genecounts_20190903.txt.gz,partial_gsm_numbers_estimated
GSE136825,Whole-transcriptome sequencing reveals heightened inflammation and defective host defence responses in chronic rhinosinusitis with nasal polyps,Expression profiling by high throughput sequencing,GSM4058803,IT 10,Inferior Turbinate Tissue,Homo sapiens,tissue: Inferior Turbinate Tissue | group: Control,GPL20301,Illumina HiSeq 4000,RNA-Seq,transcriptomic,GSE136825_genecounts_20190903.txt.gz,partial_gsm_numbers_estimated
GSE136825,Whole-transcriptome sequencing reveals heightened inflammation and defective host defence responses in chronic rhinosinusitis with nasal polyps,Expression profiling by high throughput sequencing,GSM4058804,IT 11,Inferior Turbinate Tissue,Homo sapiens,tissue: Inferior Turbinate Tissue | group: Control,GPL20301,Illumina HiSeq 4000,RNA-Seq,transcriptomic,GSE136825_genecounts_20190903.txt.gz,partial_gsm_numbers_estimated
GSE136825,Whole-transcriptome sequencing reveals heightened inflammation and defective host defence responses in chronic rhinosinusitis with nasal polyps,Expression profiling by high throughput sequencing,GSM4058805,IT 12,Inferior Turbinate Tissue,Homo sapiens,tissue: Inferior Turbinate Tissue | group: Control,GPL20301,Illumina HiSeq 4000,RNA-Seq,transcriptomic,GSE136825_genecounts_20190903.txt.gz,partial_gsm_numbers_estimated
GSE136825,Whole-transcriptome sequencing reveals heightened inflammation and defective host defence responses in chronic rhinosinusitis with nasal polyps,Expression profiling by high throughput sequencing,GSM4058806,IT 13,Inferior Turbinate Tissue,Homo sapiens,tissue: Inferior Turbinate Tissue | group: Control,GPL20301,Illumina HiSeq 4000,RNA-Seq,transcriptomic,GSE136825_genecounts_20190903.txt.gz,partial_gsm_numbers_estimated
GSE136825,Whole-transcriptome sequencing reveals heightened inflammation and defective host defence responses in chronic rhinosinusitis with nasal polyps,Expression profiling by high throughput sequencing,GSM4058807,IT 14,Inferior Turbinate Tissue,Homo sapiens,tissue: Inferior Turbinate Tissue | group: Control,GPL20301,Illumina HiSeq 4000,RNA-Seq,transcriptomic,GSE136825_genecounts_20190903.txt.gz,partial_gsm_numbers_estimated
GSE136825,Whole-transcriptome sequencing reveals heightened inflammation and defective host defence responses in chronic rhinosinusitis with nasal polyps,Expression profiling by high throughput sequencing,GSM4058808,IT 15,Inferior Turbinate Tissue,Homo sapiens,tissue: Inferior Turbinate Tissue | group: Control,GPL20301,Illumina HiSeq 4000,RNA-Seq,transcriptomic,GSE136825_genecounts_20190903.txt.gz,partial_gsm_numbers_estimated
GSE136825,Whole-transcriptome sequencing reveals heightened inflammation and defective host defence responses in chronic rhinosinusitis with nasal polyps,Expression profiling by high throughput sequencing,GSM4058809,IT 16,Inferior Turbinate Tissue,Homo sapiens,tissue: Inferior Turbinate Tissue | group: Control,GPL20301,Illumina HiSeq 4000,RNA-Seq,transcriptomic,GSE136825_genecounts_20190903.txt.gz,partial_gsm_numbers_estimated
GSE136825,Whole-transcriptome sequencing reveals heightened inflammation and defective host defence responses in chronic rhinosinusitis with nasal polyps,Expression profiling by high throughput sequencing,GSM4058810,IT 17,Inferior Turbinate Tissue,Homo sapiens,tissue: Inferior Turbinate Tissue | group: Control,GPL20301,Illumina HiSeq 4000,RNA-Seq,transcriptomic,GSE136825_genecounts_20190903.txt.gz,partial_gsm_numbers_estimated
GSE136825,Whole-transcriptome sequencing reveals heightened inflammation and defective host defence responses in chronic rhinosinusitis with nasal polyps,Expression profiling by high throughput sequencing,GSM4058811,IT 18,Inferior Turbinate Tissue,Homo sapiens,tissue: Inferior Turbinate Tissue | group: Control,GPL20301,Illumina HiSeq 4000,RNA-Seq,transcriptomic,GSE136825_genecounts_20190903.txt.gz,partial_gsm_numbers_estimated
GSE136825,Whole-transcriptome sequencing reveals heightened inflammation and defective host defence responses in chronic rhinosinusitis with nasal polyps,Expression profiling by high throughput sequencing,GSM4058812,IT 19,Inferior Turbinate Tissue,Homo sapiens,tissue: Inferior Turbinate Tissue | group: Control,GPL20301,Illumina HiSeq 4000,RNA-Seq,transcriptomic,GSE136825_genecounts_20190903.txt.gz,partial_gsm_numbers_estimated
GSE136825,Whole-transcriptome sequencing reveals heightened inflammation and defective host defence responses in chronic rhinosinusitis with nasal polyps,Expression profiling by high throughput sequencing,GSM4058813,IT 20,Inferior Turbinate Tissue,Homo sapiens,tissue: Inferior Turbinate Tissue | group: Control,GPL20301,Illumina HiSeq 4000,RNA-Seq,transcriptomic,GSE136825_genecounts_20190903.txt.gz,partial_gsm_numbers_estimated
GSE136825,Whole-transcriptome sequencing reveals heightened inflammation and defective host defence responses in chronic rhinosinusitis with nasal polyps,Expression profiling by high throughput sequencing,GSM4058814,IT 21,Inferior Turbinate Tissue,Homo sapiens,tissue: Inferior Turbinate Tissue | group: Control,GPL20301,Illumina HiSeq 4000,RNA-Seq,transcriptomic,GSE136825_genecounts_20190903.txt.gz,partial_gsm_numbers_estimated
GSE136825,Whole-transcriptome sequencing reveals heightened inflammation and defective host defence responses in chronic rhinosinusitis with nasal polyps,Expression profiling by high throughput sequencing,GSM4058815,IT 22,Inferior Turbinate Tissue,Homo sapiens,tissue: Inferior Turbinate Tissue | group: Control,GPL20301,Illumina HiSeq 4000,RNA-Seq,transcriptomic,GSE136825_genecounts_20190903.txt.gz,partial_gsm_numbers_estimated
GSE136825,Whole-transcriptome sequencing reveals heightened inflammation and defective host defence responses in chronic rhinosinusitis with nasal polyps,Expression profiling by high throughput sequencing,GSM4058816,IT 23,Inferior Turbinate Tissue,Homo sapiens,tissue: Inferior Turbinate Tissue | group: Control,GPL20301,Illumina HiSeq 4000,RNA-Seq,transcriptomic,GSE136825_genecounts_20190903.txt.gz,partial_gsm_numbers_estimated
GSE136825,Whole-transcriptome sequencing reveals heightened inflammation and defective host defence responses in chronic rhinosinusitis with nasal polyps,Expression profiling by high throughput sequencing,GSM4058817,IT 24,Inferior Turbinate Tissue,Homo sapiens,tissue: Inferior Turbinate Tissue | group: Control,GPL20301,Illumina HiSeq 4000,RNA-Seq,transcriptomic,GSE136825_genecounts_20190903.txt.gz,partial_gsm_numbers_estimated
GSE136825,Whole-transcriptome sequencing reveals heightened inflammation and defective host defence responses in chronic rhinosinusitis with nasal polyps,Expression profiling by high throughput sequencing,GSM4058818,IT 25,Inferior Turbinate Tissue,Homo sapiens,tissue: Inferior Turbinate Tissue | group: Control,GPL20301,Illumina HiSeq 4000,RNA-Seq,transcriptomic,GSE136825_genecounts_20190903.txt.gz,partial_gsm_numbers_estimated
GSE136825,Whole-transcriptome sequencing reveals heightened inflammation and defective host defence responses in chronic rhinosinusitis with nasal polyps,Expression profiling by high throughput sequencing,GSM4058819,IT 26,Inferior Turbinate Tissue,Homo sapiens,tissue: Inferior Turbinate Tissue | group: Control,GPL20301,Illumina HiSeq 4000,RNA-Seq,transcriptomic,GSE136825_genecounts_20190903.txt.gz,partial_gsm_numbers_estimated
GSE136825,Whole-transcriptome sequencing reveals heightened inflammation and defective host defence responses in chronic rhinosinusitis with nasal polyps,Expression profiling by high throughput sequencing,GSM4058820,IT 27,Inferior Turbinate Tissue,Homo sapiens,tissue: Inferior Turbinate Tissue | group: Control,GPL20301,Illumina HiSeq 4000,RNA-Seq,transcriptomic,GSE136825_genecounts_20190903.txt.gz,partial_gsm_numbers_estimated
GSE136825,Whole-transcriptome sequencing reveals heightened inflammation and defective host defence responses in chronic rhinosinusitis with nasal polyps,Expression profiling by high throughput sequencing,GSM4058821,IT 28,Inferior Turbinate Tissue,Homo sapiens,tissue: Inferior Turbinate Tissue | group: Control,GPL20301,Illumina HiSeq 4000,RNA-Seq,transcriptomic,GSE136825_genecounts_20190903.txt.gz,partial_gsm_numbers_estimated
GSE158277,Transcriptome of nasal polyp epithelial cells from N-ERD patients vs non-polyp nasal mucosa,Expression profiling by high throughput sequencing,GSM4796282,EP1 (0186_001_CE_DIS_1TR1),Nasal polyp epithelial cells (N-ERD),Homo sapiens,tissue: Nasal polyp | disease: N-ERD | cell_type: Epithelial,GPL11154,Illumina HiSeq 2000,RNA-Seq,transcriptomic,GSE158277_Supplementary_data_RNA.xlsx,partial_titles_estimated
GSE158277,Transcriptome of nasal polyp epithelial cells from N-ERD patients vs non-polyp nasal mucosa,Expression profiling by high throughput sequencing,GSM4796283,EP2 (0186_002_CE_DIS_1TR1),Nasal polyp epithelial cells (N-ERD),Homo sapiens,tissue: Nasal polyp | disease: N-ERD | cell_type: Epithelial,GPL11154,Illumina HiSeq 2000,RNA-Seq,transcriptomic,GSE158277_Supplementary_data_RNA.xlsx,partial_titles_estimated
GSE158277,Transcriptome of nasal polyp epithelial cells from N-ERD patients vs non-polyp nasal mucosa,Expression profiling by high throughput sequencing,GSM4796284,EP3 (0186_003_CE_DIS_1TR1),Nasal polyp epithelial cells (N-ERD),Homo sapiens,tissue: Nasal polyp | disease: N-ERD | cell_type: Epithelial,GPL11154,Illumina HiSeq 2000,RNA-Seq,transcriptomic,GSE158277_Supplementary_data_RNA.xlsx,partial_titles_estimated
GSE158277,Transcriptome of nasal polyp epithelial cells from N-ERD patients vs non-polyp nasal mucosa,Expression profiling by high throughput sequencing,GSM4796285,EP4 (0186_004_CE_DIS_1TR1),Nasal polyp epithelial cells (N-ERD),Homo sapiens,tissue: Nasal polyp | disease: N-ERD | cell_type: Epithelial,GPL11154,Illumina HiSeq 2000,RNA-Seq,transcriptomic,GSE158277_Supplementary_data_RNA.xlsx,partial_titles_estimated
GSE158277,Transcriptome of nasal polyp epithelial cells from N-ERD patients vs non-polyp nasal mucosa,Expression profiling by high throughput sequencing,GSM4796286,EP5 (0186_005_CE_DIS_1TR1),Nasal polyp epithelial cells (N-ERD),Homo sapiens,tissue: Nasal polyp | disease: N-ERD | cell_type: Epithelial,GPL11154,Illumina HiSeq 2000,RNA-Seq,transcriptomic,GSE158277_Supplementary_data_RNA.xlsx,partial_titles_estimated
GSE158277,Transcriptome of nasal polyp epithelial cells from N-ERD patients vs non-polyp nasal mucosa,Expression profiling by high throughput sequencing,GSM4796287,EP6 (0186_006_CE_DIS_1TR1),Nasal polyp epithelial cells (N-ERD),Homo sapiens,tissue: Nasal polyp | disease: N-ERD | cell_type: Epithelial,GPL11154,Illumina HiSeq 2000,RNA-Seq,transcriptomic,GSE158277_Supplementary_data_RNA.xlsx,partial_titles_estimated
GSE158277,Transcriptome of nasal polyp epithelial cells from N-ERD patients vs non-polyp nasal mucosa,Expression profiling by high throughput sequencing,GSM4796288,EP7 (0186_007_CE_DIS_1TR1),Nasal polyp epithelial cells (N-ERD),Homo sapiens,tissue: Nasal polyp | disease: N-ERD | cell_type: Epithelial,GPL11154,Illumina HiSeq 2000,RNA-Seq,transcriptomic,GSE158277_Supplementary_data_RNA.xlsx,partial_titles_estimated
GSE158277,Transcriptome of nasal polyp epithelial cells from N-ERD patients vs non-polyp nasal mucosa,Expression profiling by high throughput sequencing,GSM4796289,EP8,Nasal polyp epithelial cells (N-ERD),Homo sapiens,tissue: Nasal polyp | disease: N-ERD | cell_type: Epithelial,GPL11154,Illumina HiSeq 2000,RNA-Seq,transcriptomic,GSE158277_Supplementary_data_RNA.xlsx,partial_titles_estimated
GSE158277,Transcriptome of nasal polyp epithelial cells from N-ERD patients vs non-polyp nasal mucosa,Expression profiling by high throughput sequencing,GSM4796290,EP9,Nasal polyp epithelial cells (N-ERD),Homo sapiens,tissue: Nasal polyp | disease: N-ERD | cell_type: Epithelial,GPL11154,Illumina HiSeq 2000,RNA-Seq,transcriptomic,GSE158277_Supplementary_data_RNA.xlsx,partial_titles_estimated
GSE158277,Transcriptome of nasal polyp epithelial cells from N-ERD patients vs non-polyp nasal mucosa,Expression profiling by high throughput sequencing,GSM4796291,EP10,Nasal polyp epithelial cells (N-ERD),Homo sapiens,tissue: Nasal polyp | disease: N-ERD | cell_type: Epithelial,GPL11154,Illumina HiSeq 2000,RNA-Seq,transcriptomic,GSE158277_Supplementary_data_RNA.xlsx,partial_titles_estimated
GSE158277,Transcriptome of nasal polyp epithelial cells from N-ERD patients vs non-polyp nasal mucosa,Expression profiling by high throughput sequencing,GSM4796292,EP11,Nasal polyp epithelial cells (N-ERD),Homo sapiens,tissue: Nasal polyp | disease: N-ERD | cell_type: Epithelial,GPL11154,Illumina HiSeq 2000,RNA-Seq,transcriptomic,GSE158277_Supplementary_data_RNA.xlsx,partial_titles_estimated
GSE158277,Transcriptome of nasal polyp epithelial cells from N-ERD patients vs non-polyp nasal mucosa,Expression profiling by high throughput sequencing,GSM4796293,EP12,Nasal polyp epithelial cells (N-ERD),Homo sapiens,tissue: Nasal polyp | disease: N-ERD | cell_type: Epithelial,GPL11154,Illumina HiSeq 2000,RNA-Seq,transcriptomic,GSE158277_Supplementary_data_RNA.xlsx,partial_titles_estimated
GSE158277,Transcriptome of nasal polyp epithelial cells from N-ERD patients vs non-polyp nasal mucosa,Expression profiling by high throughput sequencing,GSM4796294,EHC1,Non-polyp nasal mucosa epithelial cells (Control),Homo sapiens,tissue: Non-polyp nasal mucosa | disease: Control | cell_type: Epithelial,GPL11154,Illumina HiSeq 2000,RNA-Seq,transcriptomic,GSE158277_Supplementary_data_RNA.xlsx,partial_titles_estimated
GSE158277,Transcriptome of nasal polyp epithelial cells from N-ERD patients vs non-polyp nasal mucosa,Expression profiling by high throughput sequencing,GSM4796295,EHC2,Non-polyp nasal mucosa epithelial cells (Control),Homo sapiens,tissue: Non-polyp nasal mucosa | disease: Control | cell_type: Epithelial,GPL11154,Illumina HiSeq 2000,RNA-Seq,transcriptomic,GSE158277_Supplementary_data_RNA.xlsx,partial_titles_estimated
GSE158277,Transcriptome of nasal polyp epithelial cells from N-ERD patients vs non-polyp nasal mucosa,Expression profiling by high throughput sequencing,GSM4796296,EHC3,Non-polyp nasal mucosa epithelial cells (Control),Homo sapiens,tissue: Non-polyp nasal mucosa | disease: Control | cell_type: Epithelial,GPL11154,Illumina HiSeq 2000,RNA-Seq,transcriptomic,GSE158277_Supplementary_data_RNA.xlsx,partial_titles_estimated
GSE158277,Transcriptome of nasal polyp epithelial cells from N-ERD patients vs non-polyp nasal mucosa,Expression profiling by high throughput sequencing,GSM4796297,EHC4,Non-polyp nasal mucosa epithelial cells (Control),Homo sapiens,tissue: Non-polyp nasal mucosa | disease: Control | cell_type: Epithelial,GPL11154,Illumina HiSeq 2000,RNA-Seq,transcriptomic,GSE158277_Supplementary_data_RNA.xlsx,partial_titles_estimated
GSE158277,Transcriptome of nasal polyp epithelial cells from N-ERD patients vs non-polyp nasal mucosa,Expression profiling by high throughput sequencing,GSM4796298,EHC5,Non-polyp nasal mucosa epithelial cells (Control),Homo sapiens,tissue: Non-polyp nasal mucosa | disease: Control | cell_type: Epithelial,GPL11154,Illumina HiSeq 2000,RNA-Seq,transcriptomic,GSE158277_Supplementary_data_RNA.xlsx,partial_titles_estimated
GSE158277,Transcriptome of nasal polyp epithelial cells from N-ERD patients vs non-polyp nasal mucosa,Expression profiling by high throughput sequencing,GSM4796299,EHC6,Non-polyp nasal mucosa epithelial cells (Control),Homo sapiens,tissue: Non-polyp nasal mucosa | disease: Control | cell_type: Epithelial,GPL11154,Illumina HiSeq 2000,RNA-Seq,transcriptomic,GSE158277_Supplementary_data_RNA.xlsx,partial_titles_estimated
GSE158277,Transcriptome of nasal polyp epithelial cells from N-ERD patients vs non-polyp nasal mucosa,Expression profiling by high throughput sequencing,GSM4796300,EHC7,Non-polyp nasal mucosa epithelial cells (Control),Homo sapiens,tissue: Non-polyp nasal mucosa | disease: Control | cell_type: Epithelial,GPL11154,Illumina HiSeq 2000,RNA-Seq,transcriptomic,GSE158277_Supplementary_data_RNA.xlsx,partial_titles_estimated
GSE158277,Transcriptome of nasal polyp epithelial cells from N-ERD patients vs non-polyp nasal mucosa,Expression profiling by high throughput sequencing,GSM4796301,EHC8,Non-polyp nasal mucosa epithelial cells (Control),Homo sapiens,tissue: Non-polyp nasal mucosa | disease: Control | cell_type: Epithelial,GPL11154,Illumina HiSeq 2000,RNA-Seq,transcriptomic,GSE158277_Supplementary_data_RNA.xlsx,partial_titles_estimated
GSE189690,Neutrophilic inflammation and epithelial barrier disruption in nasal polyps for N-ERD and non-N-ERD CRSwNP,Expression profiling by high throughput sequencing,GSM5706012,N-ERD_sample_1,Nasal polyp tissue,Homo sapiens,tissue: Nasal polyp | group: N-ERD | disease: CRSwNP,,,RNA-Seq,transcriptomic,GSE189690_gene_counts.txt.gz,partial_titles_estimated
GSE189690,Neutrophilic inflammation and epithelial barrier disruption in nasal polyps for N-ERD and non-N-ERD CRSwNP,Expression profiling by high throughput sequencing,GSM5706013,N-ERD_sample_2,Nasal polyp tissue,Homo sapiens,tissue: Nasal polyp | group: N-ERD | disease: CRSwNP,,,RNA-Seq,transcriptomic,GSE189690_gene_counts.txt.gz,partial_titles_estimated
GSE189690,Neutrophilic inflammation and epithelial barrier disruption in nasal polyps for N-ERD and non-N-ERD CRSwNP,Expression profiling by high throughput sequencing,GSM5706014,N-ERD_sample_3,Nasal polyp tissue,Homo sapiens,tissue: Nasal polyp | group: N-ERD | disease: CRSwNP,,,RNA-Seq,transcriptomic,GSE189690_gene_counts.txt.gz,partial_titles_estimated
GSE189690,Neutrophilic inflammation and epithelial barrier disruption in nasal polyps for N-ERD and non-N-ERD CRSwNP,Expression profiling by high throughput sequencing,GSM5706015,N-ERD_sample_4,Nasal polyp tissue,Homo sapiens,tissue: Nasal polyp | group: N-ERD | disease: CRSwNP,,,RNA-Seq,transcriptomic,GSE189690_gene_counts.txt.gz,partial_titles_estimated
GSE189690,Neutrophilic inflammation and epithelial barrier disruption in nasal polyps for N-ERD and non-N-ERD CRSwNP,Expression profiling by high throughput sequencing,GSM5706016,N-ERD_sample_5,Nasal polyp tissue,Homo sapiens,tissue: Nasal polyp | group: N-ERD | disease: CRSwNP,,,RNA-Seq,transcriptomic,GSE189690_gene_counts.txt.gz,partial_titles_estimated
GSE189690,Neutrophilic inflammation and epithelial barrier disruption in nasal polyps for N-ERD and non-N-ERD CRSwNP,Expression profiling by high throughput sequencing,GSM5706017,N-ERD_sample_6,Nasal polyp tissue,Homo sapiens,tissue: Nasal polyp | group: N-ERD | disease: CRSwNP,,,RNA-Seq,transcriptomic,GSE189690_gene_counts.txt.gz,partial_titles_estimated
GSE189690,Neutrophilic inflammation and epithelial barrier disruption in nasal polyps for N-ERD and non-N-ERD CRSwNP,Expression profiling by high throughput sequencing,GSM5706018,N-ERD_sample_7,Nasal polyp tissue,Homo sapiens,tissue: Nasal polyp | group: N-ERD | disease: CRSwNP,,,RNA-Seq,transcriptomic,GSE189690_gene_counts.txt.gz,partial_titles_estimated
GSE189690,Neutrophilic inflammation and epithelial barrier disruption in nasal polyps for N-ERD and non-N-ERD CRSwNP,Expression profiling by high throughput sequencing,GSM5706019,N-ERD_sample_8,Nasal polyp tissue,Homo sapiens,tissue: Nasal polyp | group: N-ERD | disease: CRSwNP,,,RNA-Seq,transcriptomic,GSE189690_gene_counts.txt.gz,partial_titles_estimated
GSE189690,Neutrophilic inflammation and epithelial barrier disruption in nasal polyps for N-ERD and non-N-ERD CRSwNP,Expression profiling by high throughput sequencing,GSM5706020,N-ERD_sample_9,Nasal polyp tissue,Homo sapiens,tissue: Nasal polyp | group: N-ERD | disease: CRSwNP,,,RNA-Seq,transcriptomic,GSE189690_gene_counts.txt.gz,partial_titles_estimated
GSE189690,Neutrophilic inflammation and epithelial barrier disruption in nasal polyps for N-ERD and non-N-ERD CRSwNP,Expression profiling by high throughput sequencing,GSM5706021,N-ERD_sample_10,Nasal polyp tissue,Homo sapiens,tissue: Nasal polyp | group: N-ERD | disease: CRSwNP,,,RNA-Seq,transcriptomic,GSE189690_gene_counts.txt.gz,partial_titles_estimated
GSE189690,Neutrophilic inflammation and epithelial barrier disruption in nasal polyps for N-ERD and non-N-ERD CRSwNP,Expression profiling by high throughput sequencing,GSM5706022,N-ERD_sample_11,Nasal polyp tissue,Homo sapiens,tissue: Nasal polyp | group: N-ERD | disease: CRSwNP,,,RNA-Seq,transcriptomic,GSE189690_gene_counts.txt.gz,partial_titles_estimated
GSE189690,Neutrophilic inflammation and epithelial barrier disruption in nasal polyps for N-ERD and non-N-ERD CRSwNP,Expression profiling by high throughput sequencing,GSM5706023,N-ERD_sample_12,Nasal polyp tissue,Homo sapiens,tissue: Nasal polyp | group: N-ERD | disease: CRSwNP,,,RNA-Seq,transcriptomic,GSE189690_gene_counts.txt.gz,partial_titles_estimated
GSE189690,Neutrophilic inflammation and epithelial barrier disruption in nasal polyps for N-ERD and non-N-ERD CRSwNP,Expression profiling by high throughput sequencing,GSM5706024,N-ERD_sample_13,Nasal polyp tissue,Homo sapiens,tissue: Nasal polyp | group: N-ERD | disease: CRSwNP,,,RNA-Seq,transcriptomic,GSE189690_gene_counts.txt.gz,partial_titles_estimated
GSE189690,Neutrophilic inflammation and epithelial barrier disruption in nasal polyps for N-ERD and non-N-ERD CRSwNP,Expression profiling by high throughput sequencing,GSM5706025,Non_N-ERD_sample_1,Nasal polyp tissue,Homo sapiens,tissue: Nasal polyp | group: Non-N-ERD | disease: CRSwNP,,,RNA-Seq,transcriptomic,GSE189690_gene_counts.txt.gz,partial_titles_estimated
GSE189690,Neutrophilic inflammation and epithelial barrier disruption in nasal polyps for N-ERD and non-N-ERD CRSwNP,Expression profiling by high throughput sequencing,GSM5706026,Non_N-ERD_sample_2,Nasal polyp tissue,Homo sapiens,tissue: Nasal polyp | group: Non-N-ERD | disease: CRSwNP,,,RNA-Seq,transcriptomic,GSE189690_gene_counts.txt.gz,partial_titles_estimated
GSE189690,Neutrophilic inflammation and epithelial barrier disruption in nasal polyps for N-ERD and non-N-ERD CRSwNP,Expression profiling by high throughput sequencing,GSM5706027,Non_N-ERD_sample_3,Nasal polyp tissue,Homo sapiens,tissue: Nasal polyp | group: Non-N-ERD | disease: CRSwNP,,,RNA-Seq,transcriptomic,GSE189690_gene_counts.txt.gz,partial_titles_estimated
GSE189690,Neutrophilic inflammation and epithelial barrier disruption in nasal polyps for N-ERD and non-N-ERD CRSwNP,Expression profiling by high throughput sequencing,GSM5706028,Non_N-ERD_sample_4,Nasal polyp tissue,Homo sapiens,tissue: Nasal polyp | group: Non-N-ERD | disease: CRSwNP,,,RNA-Seq,transcriptomic,GSE189690_gene_counts.txt.gz,partial_titles_estimated
GSE189690,Neutrophilic inflammation and epithelial barrier disruption in nasal polyps for N-ERD and non-N-ERD CRSwNP,Expression profiling by high throughput sequencing,GSM5706029,Non_N-ERD_sample_5,Nasal polyp tissue,Homo sapiens,tissue: Nasal polyp | group: Non-N-ERD | disease: CRSwNP,,,RNA-Seq,transcriptomic,GSE189690_gene_counts.txt.gz,partial_titles_estimated
GSE189690,Neutrophilic inflammation and epithelial barrier disruption in nasal polyps for N-ERD and non-N-ERD CRSwNP,Expression profiling by high throughput sequencing,GSM5706030,Non_N-ERD_sample_6,Nasal polyp tissue,Homo sapiens,tissue: Nasal polyp | group: Non-N-ERD | disease: CRSwNP,,,RNA-Seq,transcriptomic,GSE189690_gene_counts.txt.gz,partial_titles_estimated
GSE189690,Neutrophilic inflammation and epithelial barrier disruption in nasal polyps for N-ERD and non-N-ERD CRSwNP,Expression profiling by high throughput sequencing,GSM5706031,Non_N-ERD_sample_7,Nasal polyp tissue,Homo sapiens,tissue: Nasal polyp | group: Non-N-ERD | disease: CRSwNP,,,RNA-Seq,transcriptomic,GSE189690_gene_counts.txt.gz,partial_titles_estimated
GSE189690,Neutrophilic inflammation and epithelial barrier disruption in nasal polyps for N-ERD and non-N-ERD CRSwNP,Expression profiling by high throughput sequencing,GSM5706032,Non_N-ERD_sample_8,Nasal polyp tissue,Homo sapiens,tissue: Nasal polyp | group: Non-N-ERD | disease: CRSwNP,,,RNA-Seq,transcriptomic,GSE189690_gene_counts.txt.gz,partial_titles_estimated
GSE189690,Neutrophilic inflammation and epithelial barrier disruption in nasal polyps for N-ERD and non-N-ERD CRSwNP,Expression profiling by high throughput sequencing,GSM5706033,Non_N-ERD_sample_9,Nasal polyp tissue,Homo sapiens,tissue: Nasal polyp | group: Non-N-ERD | disease: CRSwNP,,,RNA-Seq,transcriptomic,GSE189690_gene_counts.txt.gz,partial_titles_estimated
GSE189690,Neutrophilic inflammation and epithelial barrier disruption in nasal polyps for N-ERD and non-N-ERD CRSwNP,Expression profiling by high throughput sequencing,GSM5706034,Non_N-ERD_sample_10,Nasal polyp tissue,Homo sapiens,tissue: Nasal polyp | group: Non-N-ERD | disease: CRSwNP,,,RNA-Seq,transcriptomic,GSE189690_gene_counts.txt.gz,partial_titles_estimated
GSE189690,Neutrophilic inflammation and epithelial barrier disruption in nasal polyps for N-ERD and non-N-ERD CRSwNP,Expression profiling by high throughput sequencing,GSM5706035,Non_N-ERD_sample_11,Nasal polyp tissue,Homo sapiens,tissue: Nasal polyp | group: Non-N-ERD | disease: CRSwNP,,,RNA-Seq,transcriptomic,GSE189690_gene_counts.txt.gz,partial_titles_estimated
GSE189690,Neutrophilic inflammation and epithelial barrier disruption in nasal polyps for N-ERD and non-N-ERD CRSwNP,Expression profiling by high throughput sequencing,GSM5706036,Non_N-ERD_sample_12,Nasal polyp tissue,Homo sapiens,tissue: Nasal polyp | group: Non-N-ERD | disease: CRSwNP,,,RNA-Seq,transcriptomic,GSE189690_gene_counts.txt.gz,partial_titles_estimated
GSE189690,Neutrophilic inflammation and epithelial barrier disruption in nasal polyps for N-ERD and non-N-ERD CRSwNP,Expression profiling by high throughput sequencing,GSM5706037,Non_N-ERD_sample_13,Nasal polyp tissue,Homo sapiens,tissue: Nasal polyp | group: Non-N-ERD | disease: CRSwNP,,,RNA-Seq,transcriptomic,GSE189690_gene_counts.txt.gz,partial_titles_estimated
GSE198950,Tissue Eosinophilia is Effective for Studying Differential Expression of Genes by RNA sequencing in CRS,Expression profiling by high throughput sequencing,GSM5961594,Control_2,Inferior turbinate,Homo sapiens,tissue: Inferior turbinate | diagnosis: Non-CRS (Control),GPL20301,Illumina HiSeq 4000,RNA-Seq,transcriptomic,GSE198950_CRS_GeneCount.txt.gz,incomplete_run_script_to_complete
GSE198950,Tissue Eosinophilia is Effective for Studying Differential Expression of Genes by RNA sequencing in CRS,Expression profiling by high throughput sequencing,GSM5961595,Control_3,Inferior turbinate,Homo sapiens,tissue: Inferior turbinate | diagnosis: Non-CRS (Control),GPL20301,Illumina HiSeq 4000,RNA-Seq,transcriptomic,GSE198950_CRS_GeneCount.txt.gz,incomplete_run_script_to_complete
GSE198950,Tissue Eosinophilia is Effective for Studying Differential Expression of Genes by RNA sequencing in CRS,Expression profiling by high throughput sequencing,GSM5961596,CRS_1,Ethmoidal tissue,Homo sapiens,tissue: Ethmoidal | diagnosis: CRS,GPL20301,Illumina HiSeq 4000,RNA-Seq,transcriptomic,GSE198950_CRS_GeneCount.txt.gz,incomplete_run_script_to_complete
GSE198950,Tissue Eosinophilia is Effective for Studying Differential Expression of Genes by RNA sequencing in CRS,Expression profiling by high throughput sequencing,GSM5961597,CRS_2,Ethmoidal tissue,Homo sapiens,tissue: Ethmoidal | diagnosis: CRS,GPL20301,Illumina HiSeq 4000,RNA-Seq,transcriptomic,GSE198950_CRS_GeneCount.txt.gz,incomplete_run_script_to_complete
GSE250580,CRSwNP nasal polyp combined counts dataset,Expression profiling by high throughput sequencing,PENDING,Run fetch_geo_metadata.py to get full sample list,Nasal polyp tissue / nasal epithelium,Homo sapiens,disease: Chronic rhinosinusitis with nasal polyps (CRSwNP),,,RNA-Seq,transcriptomic,GSE250580_Combined_counts.csv.gz,incomplete_run_script_to_complete
GSE313186,Sinus Mast Cell Density Suggests a Unique Phenotype in BPC-exposed patients,Expression profiling by high throughput sequencing,GSM8565871,See GEO for full details,Nasal/sinus mucosa,Mus musculus / Homo sapiens (check GEO),BPC exposure study | mast cell density,,,RNA-Seq,transcriptomic,GSE313186_Clinical_nasal_BPC_raw_featurecounts_matrix.txt.gz,incomplete_run_script_to_complete
GSE288682,Control versus allergic rhinitis basal cells in response to Der p1 stimulation,Expression profiling by high throughput sequencing,GSM8772995,"airway basal cells, control, fresh, 1","Nasal inferior turbinate, basal cells",Homo sapiens,tissue: Nasal inferior turbinate | cell_type: Basal cells | group: control | treatment: fresh,,,RNA-Seq,transcriptomic,GSE288682_count_matrix.txt.gz,partial_gsm_numbers_estimated
GSE288682,Control versus allergic rhinitis basal cells in response to Der p1 stimulation,Expression profiling by high throughput sequencing,GSM8772996,"airway basal cells, control, fresh, 2","Nasal inferior turbinate, basal cells",Homo sapiens,tissue: Nasal inferior turbinate | cell_type: Basal cells | group: control | treatment: fresh,,,RNA-Seq,transcriptomic,GSE288682_count_matrix.txt.gz,partial_gsm_numbers_estimated
GSE288682,Control versus allergic rhinitis basal cells in response to Der p1 stimulation,Expression profiling by high throughput sequencing,GSM8772997,"airway basal cells, control, fresh, 3","Nasal inferior turbinate, basal cells",Homo sapiens,tissue: Nasal inferior turbinate | cell_type: Basal cells | group: control | treatment: fresh,,,RNA-Seq,transcriptomic,GSE288682_count_matrix.txt.gz,partial_gsm_numbers_estimated
GSE288682,Control versus allergic rhinitis basal cells in response to Der p1 stimulation,Expression profiling by high throughput sequencing,GSM8772998,"airway basal cells, control, fresh, 4","Nasal inferior turbinate, basal cells",Homo sapiens,tissue: Nasal inferior turbinate | cell_type: Basal cells | group: control | treatment: fresh,,,RNA-Seq,transcriptomic,GSE288682_count_matrix.txt.gz,partial_gsm_numbers_estimated
GSE288682,Control versus allergic rhinitis basal cells in response to Der p1 stimulation,Expression profiling by high throughput sequencing,GSM8772999,"airway basal cells, control, fresh, 5","Nasal inferior turbinate, basal cells",Homo sapiens,tissue: Nasal inferior turbinate | cell_type: Basal cells | group: control | treatment: fresh,,,RNA-Seq,transcriptomic,GSE288682_count_matrix.txt.gz,partial_gsm_numbers_estimated
GSE288682,Control versus allergic rhinitis basal cells in response to Der p1 stimulation,Expression profiling by high throughput sequencing,GSM8773000,"airway basal cells, control, fresh, 6","Nasal inferior turbinate, basal cells",Homo sapiens,tissue: Nasal inferior turbinate | cell_type: Basal cells | group: control | treatment: fresh,,,RNA-Seq,transcriptomic,GSE288682_count_matrix.txt.gz,partial_gsm_numbers_estimated
GSE288682,Control versus allergic rhinitis basal cells in response to Der p1 stimulation,Expression profiling by high throughput sequencing,GSM8773001,"airway basal cells, control, cultured_2wk, 1","Nasal inferior turbinate, basal cells",Homo sapiens,tissue: Nasal inferior turbinate | cell_type: Basal cells | group: control | treatment: cultured_2wk,,,RNA-Seq,transcriptomic,GSE288682_count_matrix.txt.gz,partial_gsm_numbers_estimated
GSE288682,Control versus allergic rhinitis basal cells in response to Der p1 stimulation,Expression profiling by high throughput sequencing,GSM8773002,"airway basal cells, control, cultured_2wk, 2","Nasal inferior turbinate, basal cells",Homo sapiens,tissue: Nasal inferior turbinate | cell_type: Basal cells | group: control | treatment: cultured_2wk,,,RNA-Seq,transcriptomic,GSE288682_count_matrix.txt.gz,partial_gsm_numbers_estimated
GSE288682,Control versus allergic rhinitis basal cells in response to Der p1 stimulation,Expression profiling by high throughput sequencing,GSM8773003,"airway basal cells, control, cultured_2wk, 3","Nasal inferior turbinate, basal cells",Homo sapiens,tissue: Nasal inferior turbinate | cell_type: Basal cells | group: control | treatment: cultured_2wk,,,RNA-Seq,transcriptomic,GSE288682_count_matrix.txt.gz,partial_gsm_numbers_estimated
GSE288682,Control versus allergic rhinitis basal cells in response to Der p1 stimulation,Expression profiling by high throughput sequencing,GSM8773004,"airway basal cells, control, cultured_2wk, 4","Nasal inferior turbinate, basal cells",Homo sapiens,tissue: Nasal inferior turbinate | cell_type: Basal cells | group: control | treatment: cultured_2wk,,,RNA-Seq,transcriptomic,GSE288682_count_matrix.txt.gz,partial_gsm_numbers_estimated
GSE288682,Control versus allergic rhinitis basal cells in response to Der p1 stimulation,Expression profiling by high throughput sequencing,GSM8773005,"airway basal cells, control, cultured_2wk, 5","Nasal inferior turbinate, basal cells",Homo sapiens,tissue: Nasal inferior turbinate | cell_type: Basal cells | group: control | treatment: cultured_2wk,,,RNA-Seq,transcriptomic,GSE288682_count_matrix.txt.gz,partial_gsm_numbers_estimated
GSE288682,Control versus allergic rhinitis basal cells in response to Der p1 stimulation,Expression profiling by high throughput sequencing,GSM8773006,"airway basal cells, control, cultured_2wk, 6","Nasal inferior turbinate, basal cells",Homo sapiens,tissue: Nasal inferior turbinate | cell_type: Basal cells | group: control | treatment: cultured_2wk,,,RNA-Seq,transcriptomic,GSE288682_count_matrix.txt.gz,partial_gsm_numbers_estimated
GSE288682,Control versus allergic rhinitis basal cells in response to Der p1 stimulation,Expression profiling by high throughput sequencing,GSM8773007,"airway basal cells, control, cultured_2wk_Derp1, 1","Nasal inferior turbinate, basal cells",Homo sapiens,tissue: Nasal inferior turbinate | cell_type: Basal cells | group: control | treatment: cultured_2wk_Derp1,,,RNA-Seq,transcriptomic,GSE288682_count_matrix.txt.gz,partial_gsm_numbers_estimated
GSE288682,Control versus allergic rhinitis basal cells in response to Der p1 stimulation,Expression profiling by high throughput sequencing,GSM8773008,"airway basal cells, control, cultured_2wk_Derp1, 2","Nasal inferior turbinate, basal cells",Homo sapiens,tissue: Nasal inferior turbinate | cell_type: Basal cells | group: control | treatment: cultured_2wk_Derp1,,,RNA-Seq,transcriptomic,GSE288682_count_matrix.txt.gz,partial_gsm_numbers_estimated
GSE288682,Control versus allergic rhinitis basal cells in response to Der p1 stimulation,Expression profiling by high throughput sequencing,GSM8773009,"airway basal cells, control, cultured_2wk_Derp1, 3","Nasal inferior turbinate, basal cells",Homo sapiens,tissue: Nasal inferior turbinate | cell_type: Basal cells | group: control | treatment: cultured_2wk_Derp1,,,RNA-Seq,transcriptomic,GSE288682_count_matrix.txt.gz,partial_gsm_numbers_estimated
GSE288682,Control versus allergic rhinitis basal cells in response to Der p1 stimulation,Expression profiling by high throughput sequencing,GSM8773010,"airway basal cells, control, cultured_2wk_Derp1, 4","Nasal inferior turbinate, basal cells",Homo sapiens,tissue: Nasal inferior turbinate | cell_type: Basal cells | group: control | treatment: cultured_2wk_Derp1,,,RNA-Seq,transcriptomic,GSE288682_count_matrix.txt.gz,partial_gsm_numbers_estimated
GSE288682,Control versus allergic rhinitis basal cells in response to Der p1 stimulation,Expression profiling by high throughput sequencing,GSM8773011,"airway basal cells, control, cultured_2wk_Derp1, 5","Nasal inferior turbinate, basal cells",Homo sapiens,tissue: Nasal inferior turbinate | cell_type: Basal cells | group: control | treatment: cultured_2wk_Derp1,,,RNA-Seq,transcriptomic,GSE288682_count_matrix.txt.gz,partial_gsm_numbers_estimated
GSE288682,Control versus allergic rhinitis basal cells in response to Der p1 stimulation,Expression profiling by high throughput sequencing,GSM8773012,"airway basal cells, control, cultured_2wk_Derp1, 6","Nasal inferior turbinate, basal cells",Homo sapiens,tissue: Nasal inferior turbinate | cell_type: Basal cells | group: control | treatment: cultured_2wk_Derp1,,,RNA-Seq,transcriptomic,GSE288682_count_matrix.txt.gz,partial_gsm_numbers_estimated
GSE288682,Control versus allergic rhinitis basal cells in response to Der p1 stimulation,Expression profiling by high throughput sequencing,GSM8773013,"airway basal cells, AR, fresh, 1","Nasal inferior turbinate, basal cells",Homo sapiens,tissue: Nasal inferior turbinate | cell_type: Basal cells | group: AR | treatment: fresh,,,RNA-Seq,transcriptomic,GSE288682_count_matrix.txt.gz,partial_gsm_numbers_estimated
GSE288682,Control versus allergic rhinitis basal cells in response to Der p1 stimulation,Expression profiling by high throughput sequencing,GSM8773014,"airway basal cells, AR, fresh, 2","Nasal inferior turbinate, basal cells",Homo sapiens,tissue: Nasal inferior turbinate | cell_type: Basal cells | group: AR | treatment: fresh,,,RNA-Seq,transcriptomic,GSE288682_count_matrix.txt.gz,partial_gsm_numbers_estimated
GSE288682,Control versus allergic rhinitis basal cells in response to Der p1 stimulation,Expression profiling by high throughput sequencing,GSM8773015,"airway basal cells, AR, fresh, 3","Nasal inferior turbinate, basal cells",Homo sapiens,tissue: Nasal inferior turbinate | cell_type: Basal cells | group: AR | treatment: fresh,,,RNA-Seq,transcriptomic,GSE288682_count_matrix.txt.gz,partial_gsm_numbers_estimated
GSE288682,Control versus allergic rhinitis basal cells in response to Der p1 stimulation,Expression profiling by high throughput sequencing,GSM8773016,"airway basal cells, AR, fresh, 4","Nasal inferior turbinate, basal cells",Homo sapiens,tissue: Nasal inferior turbinate | cell_type: Basal cells | group: AR | treatment: fresh,,,RNA-Seq,transcriptomic,GSE288682_count_matrix.txt.gz,partial_gsm_numbers_estimated
GSE288682,Control versus allergic rhinitis basal cells in response to Der p1 stimulation,Expression profiling by high throughput sequencing,GSM8773017,"airway basal cells, AR, fresh, 5","Nasal inferior turbinate, basal cells",Homo sapiens,tissue: Nasal inferior turbinate | cell_type: Basal cells | group: AR | treatment: fresh,,,RNA-Seq,transcriptomic,GSE288682_count_matrix.txt.gz,partial_gsm_numbers_estimated
GSE288682,Control versus allergic rhinitis basal cells in response to Der p1 stimulation,Expression profiling by high throughput sequencing,GSM8773018,"airway basal cells, AR, fresh, 6","Nasal inferior turbinate, basal cells",Homo sapiens,tissue: Nasal inferior turbinate | cell_type: Basal cells | group: AR | treatment: fresh,,,RNA-Seq,transcriptomic,GSE288682_count_matrix.txt.gz,partial_gsm_numbers_estimated
GSE288682,Control versus allergic rhinitis basal cells in response to Der p1 stimulation,Expression profiling by high throughput sequencing,GSM8773019,"airway basal cells, AR, cultured_2wk, 1","Nasal inferior turbinate, basal cells",Homo sapiens,tissue: Nasal inferior turbinate | cell_type: Basal cells | group: AR | treatment: cultured_2wk,,,RNA-Seq,transcriptomic,GSE288682_count_matrix.txt.gz,partial_gsm_numbers_estimated
GSE288682,Control versus allergic rhinitis basal cells in response to Der p1 stimulation,Expression profiling by high throughput sequencing,GSM8773020,"airway basal cells, AR, cultured_2wk, 2","Nasal inferior turbinate, basal cells",Homo sapiens,tissue: Nasal inferior turbinate | cell_type: Basal cells | group: AR | treatment: cultured_2wk,,,RNA-Seq,transcriptomic,GSE288682_count_matrix.txt.gz,partial_gsm_numbers_estimated
GSE288682,Control versus allergic rhinitis basal cells in response to Der p1 stimulation,Expression profiling by high throughput sequencing,GSM8773021,"airway basal cells, AR, cultured_2wk, 3","Nasal inferior turbinate, basal cells",Homo sapiens,tissue: Nasal inferior turbinate | cell_type: Basal cells | group: AR | treatment: cultured_2wk,,,RNA-Seq,transcriptomic,GSE288682_count_matrix.txt.gz,partial_gsm_numbers_estimated
GSE288682,Control versus allergic rhinitis basal cells in response to Der p1 stimulation,Expression profiling by high throughput sequencing,GSM8773022,"airway basal cells, AR, cultured_2wk, 4","Nasal inferior turbinate, basal cells",Homo sapiens,tissue: Nasal inferior turbinate | cell_type: Basal cells | group: AR | treatment: cultured_2wk,,,RNA-Seq,transcriptomic,GSE288682_count_matrix.txt.gz,partial_gsm_numbers_estimated
GSE288682,Control versus allergic rhinitis basal cells in response to Der p1 stimulation,Expression profiling by high throughput sequencing,GSM8773023,"airway basal cells, AR, cultured_2wk, 5","Nasal inferior turbinate, basal cells",Homo sapiens,tissue: Nasal inferior turbinate | cell_type: Basal cells | group: AR | treatment: cultured_2wk,,,RNA-Seq,transcriptomic,GSE288682_count_matrix.txt.gz,partial_gsm_numbers_estimated
GSE288682,Control versus allergic rhinitis basal cells in response to Der p1 stimulation,Expression profiling by high throughput sequencing,GSM8773024,"airway basal cells, AR, cultured_2wk, 6","Nasal inferior turbinate, basal cells",Homo sapiens,tissue: Nasal inferior turbinate | cell_type: Basal cells | group: AR | treatment: cultured_2wk,,,RNA-Seq,transcriptomic,GSE288682_count_matrix.txt.gz,partial_gsm_numbers_estimated
GSE288682,Control versus allergic rhinitis basal cells in response to Der p1 stimulation,Expression profiling by high throughput sequencing,GSM8773025,"airway basal cells, AR, cultured_2wk_Derp1, 1","Nasal inferior turbinate, basal cells",Homo sapiens,tissue: Nasal inferior turbinate | cell_type: Basal cells | group: AR | treatment: cultured_2wk_Derp1,,,RNA-Seq,transcriptomic,GSE288682_count_matrix.txt.gz,partial_gsm_numbers_estimated
GSE288682,Control versus allergic rhinitis basal cells in response to Der p1 stimulation,Expression profiling by high throughput sequencing,GSM8773026,"airway basal cells, AR, cultured_2wk_Derp1, 2","Nasal inferior turbinate, basal cells",Homo sapiens,tissue: Nasal inferior turbinate | cell_type: Basal cells | group: AR | treatment: cultured_2wk_Derp1,,,RNA-Seq,transcriptomic,GSE288682_count_matrix.txt.gz,partial_gsm_numbers_estimated
GSE288682,Control versus allergic rhinitis basal cells in response to Der p1 stimulation,Expression profiling by high throughput sequencing,GSM8773027,"airway basal cells, AR, cultured_2wk_Derp1, 3","Nasal inferior turbinate, basal cells",Homo sapiens,tissue: Nasal inferior turbinate | cell_type: Basal cells | group: AR | treatment: cultured_2wk_Derp1,,,RNA-Seq,transcriptomic,GSE288682_count_matrix.txt.gz,partial_gsm_numbers_estimated
GSE288682,Control versus allergic rhinitis basal cells in response to Der p1 stimulation,Expression profiling by high throughput sequencing,GSM8773028,"airway basal cells, AR, cultured_2wk_Derp1, 4","Nasal inferior turbinate, basal cells",Homo sapiens,tissue: Nasal inferior turbinate | cell_type: Basal cells | group: AR | treatment: cultured_2wk_Derp1,,,RNA-Seq,transcriptomic,GSE288682_count_matrix.txt.gz,partial_gsm_numbers_estimated
GSE288682,Control versus allergic rhinitis basal cells in response to Der p1 stimulation,Expression profiling by high throughput sequencing,GSM8773029,"airway basal cells, AR, cultured_2wk_Derp1, 5","Nasal inferior turbinate, basal cells",Homo sapiens,tissue: Nasal inferior turbinate | cell_type: Basal cells | group: AR | treatment: cultured_2wk_Derp1,,,RNA-Seq,transcriptomic,GSE288682_count_matrix.txt.gz,partial_gsm_numbers_estimated
GSE288682,Control versus allergic rhinitis basal cells in response to Der p1 stimulation,Expression profiling by high throughput sequencing,GSM8773030,"airway basal cells, AR, cultured_2wk_Derp1, 6","Nasal inferior turbinate, basal cells",Homo sapiens,tissue: Nasal inferior turbinate | cell_type: Basal cells | group: AR | treatment: cultured_2wk_Derp1,,,RNA-Seq,transcriptomic,GSE288682_count_matrix.txt.gz,partial_gsm_numbers_estimated
GSE179265,Inflammatory molecular endotypes of nasal polyps derived from Caucasian and Japanese populations,Expression profiling by high throughput sequencing,GSM5412745,Control uncinate process 1,Uncinate process (control),Homo sapiens,tissue: Uncinate process | group: Control,,,RNA-Seq,transcriptomic,GSE179265_readcount_genename.txt.gz,complete
GSE179265,Inflammatory molecular endotypes of nasal polyps derived from Caucasian and Japanese populations,Expression profiling by high throughput sequencing,GSM5412746,Control uncinate process 2,Uncinate process (control),Homo sapiens,tissue: Uncinate process | group: Control,,,RNA-Seq,transcriptomic,GSE179265_readcount_genename.txt.gz,complete
GSE179265,Inflammatory molecular endotypes of nasal polyps derived from Caucasian and Japanese populations,Expression profiling by high throughput sequencing,GSM5412747,Control uncinate process 3,Uncinate process (control),Homo sapiens,tissue: Uncinate process | group: Control,,,RNA-Seq,transcriptomic,GSE179265_readcount_genename.txt.gz,complete
GSE179265,Inflammatory molecular endotypes of nasal polyps derived from Caucasian and Japanese populations,Expression profiling by high throughput sequencing,GSM5412748,Control uncinate process 4,Uncinate process (control),Homo sapiens,tissue: Uncinate process | group: Control,,,RNA-Seq,transcriptomic,GSE179265_readcount_genename.txt.gz,complete
GSE179265,Inflammatory molecular endotypes of nasal polyps derived from Caucasian and Japanese populations,Expression profiling by high throughput sequencing,GSM5412749,Control uncinate process 5,Uncinate process (control),Homo sapiens,tissue: Uncinate process | group: Control,,,RNA-Seq,transcriptomic,GSE179265_readcount_genename.txt.gz,complete
GSE179265,Inflammatory molecular endotypes of nasal polyps derived from Caucasian and Japanese populations,Expression profiling by high throughput sequencing,GSM5412750,Control uncinate process 6,Uncinate process (control),Homo sapiens,tissue: Uncinate process | group: Control,,,RNA-Seq,transcriptomic,GSE179265_readcount_genename.txt.gz,complete
GSE179265,Inflammatory molecular endotypes of nasal polyps derived from Caucasian and Japanese populations,Expression profiling by high throughput sequencing,GSM5412751,Control uncinate process 7,Uncinate process (control),Homo sapiens,tissue: Uncinate process | group: Control,,,RNA-Seq,transcriptomic,GSE179265_readcount_genename.txt.gz,complete
GSE179265,Inflammatory molecular endotypes of nasal polyps derived from Caucasian and Japanese populations,Expression profiling by high throughput sequencing,GSM5412752,Japanese nasal polyp 1,Nasal polyp,Homo sapiens,tissue: Nasal polyp | population: Japanese | disease: CRSwNP,,,RNA-Seq,transcriptomic,GSE179265_readcount_genename.txt.gz,complete
GSE179265,Inflammatory molecular endotypes of nasal polyps derived from Caucasian and Japanese populations,Expression profiling by high throughput sequencing,GSM5412753,Japanese nasal polyp 2,Nasal polyp,Homo sapiens,tissue: Nasal polyp | population: Japanese | disease: CRSwNP,,,RNA-Seq,transcriptomic,GSE179265_readcount_genename.txt.gz,complete
GSE179265,Inflammatory molecular endotypes of nasal polyps derived from Caucasian and Japanese populations,Expression profiling by high throughput sequencing,GSM5412754,Japanese nasal polyp 3,Nasal polyp,Homo sapiens,tissue: Nasal polyp | population: Japanese | disease: CRSwNP,,,RNA-Seq,transcriptomic,GSE179265_readcount_genename.txt.gz,complete
GSE179265,Inflammatory molecular endotypes of nasal polyps derived from Caucasian and Japanese populations,Expression profiling by high throughput sequencing,GSM5412755,Japanese nasal polyp 4,Nasal polyp,Homo sapiens,tissue: Nasal polyp | population: Japanese | disease: CRSwNP,,,RNA-Seq,transcriptomic,GSE179265_readcount_genename.txt.gz,complete
GSE179265,Inflammatory molecular endotypes of nasal polyps derived from Caucasian and Japanese populations,Expression profiling by high throughput sequencing,GSM5412756,Japanese nasal polyp 5,Nasal polyp,Homo sapiens,tissue: Nasal polyp | population: Japanese | disease: CRSwNP,,,RNA-Seq,transcriptomic,GSE179265_readcount_genename.txt.gz,complete
GSE179265,Inflammatory molecular endotypes of nasal polyps derived from Caucasian and Japanese populations,Expression profiling by high throughput sequencing,GSM5412757,Japanese nasal polyp 6,Nasal polyp,Homo sapiens,tissue: Nasal polyp | population: Japanese | disease: CRSwNP,,,RNA-Seq,transcriptomic,GSE179265_readcount_genename.txt.gz,complete
GSE179265,Inflammatory molecular endotypes of nasal polyps derived from Caucasian and Japanese populations,Expression profiling by high throughput sequencing,GSM5412758,Japanese nasal polyp 7,Nasal polyp,Homo sapiens,tissue: Nasal polyp | population: Japanese | disease: CRSwNP,,,RNA-Seq,transcriptomic,GSE179265_readcount_genename.txt.gz,complete
GSE179265,Inflammatory molecular endotypes of nasal polyps derived from Caucasian and Japanese populations,Expression profiling by high throughput sequencing,GSM5412759,Japanese nasal polyp 8,Nasal polyp,Homo sapiens,tissue: Nasal polyp | population: Japanese | disease: CRSwNP,,,RNA-Seq,transcriptomic,GSE179265_readcount_genename.txt.gz,complete
GSE179265,Inflammatory molecular endotypes of nasal polyps derived from Caucasian and Japanese populations,Expression profiling by high throughput sequencing,GSM5412760,Japanese nasal polyp 9,Nasal polyp,Homo sapiens,tissue: Nasal polyp | population: Japanese | disease: CRSwNP,,,RNA-Seq,transcriptomic,GSE179265_readcount_genename.txt.gz,complete
GSE179265,Inflammatory molecular endotypes of nasal polyps derived from Caucasian and Japanese populations,Expression profiling by high throughput sequencing,GSM5412761,Caucasian nasal polyp 1,Nasal polyp,Homo sapiens,tissue: Nasal polyp | population: Caucasian | disease: CRSwNP,,,RNA-Seq,transcriptomic,GSE179265_readcount_genename.txt.gz,complete
GSE179265,Inflammatory molecular endotypes of nasal polyps derived from Caucasian and Japanese populations,Expression profiling by high throughput sequencing,GSM5412762,Caucasian nasal polyp 2,Nasal polyp,Homo sapiens,tissue: Nasal polyp | population: Caucasian | disease: CRSwNP,,,RNA-Seq,transcriptomic,GSE179265_readcount_genename.txt.gz,complete
GSE179265,Inflammatory molecular endotypes of nasal polyps derived from Caucasian and Japanese populations,Expression profiling by high throughput sequencing,GSM5412763,Caucasian nasal polyp 3,Nasal polyp,Homo sapiens,tissue: Nasal polyp | population: Caucasian | disease: CRSwNP,,,RNA-Seq,transcriptomic,GSE179265_readcount_genename.txt.gz,complete
GSE179265,Inflammatory molecular endotypes of nasal polyps derived from Caucasian and Japanese populations,Expression profiling by high throughput sequencing,GSM5412764,Caucasian nasal polyp 4,Nasal polyp,Homo sapiens,tissue: Nasal polyp | population: Caucasian | disease: CRSwNP,,,RNA-Seq,transcriptomic,GSE179265_readcount_genename.txt.gz,complete
GSE179265,Inflammatory molecular endotypes of nasal polyps derived from Caucasian and Japanese populations,Expression profiling by high throughput sequencing,GSM5412765,Caucasian nasal polyp 5,Nasal polyp,Homo sapiens,tissue: Nasal polyp | population: Caucasian | disease: CRSwNP,,,RNA-Seq,transcriptomic,GSE179265_readcount_genename.txt.gz,complete
GSE179265,Inflammatory molecular endotypes of nasal polyps derived from Caucasian and Japanese populations,Expression profiling by high throughput sequencing,GSM5412766,Caucasian nasal polyp 6,Nasal polyp,Homo sapiens,tissue: Nasal polyp | population: Caucasian | disease: CRSwNP,,,RNA-Seq,transcriptomic,GSE179265_readcount_genename.txt.gz,complete
GSE179265,Inflammatory molecular endotypes of nasal polyps derived from Caucasian and Japanese populations,Expression profiling by high throughput sequencing,GSM5412767,Caucasian nasal polyp 7,Nasal polyp,Homo sapiens,tissue: Nasal polyp | population: Caucasian | disease: CRSwNP,,,RNA-Seq,transcriptomic,GSE179265_readcount_genename.txt.gz,complete
GSE179265,Inflammatory molecular endotypes of nasal polyps derived from Caucasian and Japanese populations,Expression profiling by high throughput sequencing,GSM5412768,Caucasian nasal polyp 8,Nasal polyp,Homo sapiens,tissue: Nasal polyp | population: Caucasian | disease: CRSwNP,,,RNA-Seq,transcriptomic,GSE179265_readcount_genename.txt.gz,complete
GSE179265,Inflammatory molecular endotypes of nasal polyps derived from Caucasian and Japanese populations,Expression profiling by high throughput sequencing,GSM5412769,Additional nasal sample 1,Nasal tissue,Homo sapiens,tissue: Nasal tissue | disease: CRSwNP,,,RNA-Seq,transcriptomic,GSE179265_readcount_genename.txt.gz,partial_titles_estimated
GSE179265,Inflammatory molecular endotypes of nasal polyps derived from Caucasian and Japanese populations,Expression profiling by high throughput sequencing,GSM5412770,Additional nasal sample 2,Nasal tissue,Homo sapiens,tissue: Nasal tissue | disease: CRSwNP,,,RNA-Seq,transcriptomic,GSE179265_readcount_genename.txt.gz,partial_titles_estimated
GSE179265,Inflammatory molecular endotypes of nasal polyps derived from Caucasian and Japanese populations,Expression profiling by high throughput sequencing,GSM5412771,Additional nasal sample 3,Nasal tissue,Homo sapiens,tissue: Nasal tissue | disease: CRSwNP,,,RNA-Seq,transcriptomic,GSE179265_readcount_genename.txt.gz,partial_titles_estimated
GSE179265,Inflammatory molecular endotypes of nasal polyps derived from Caucasian and Japanese populations,Expression profiling by high throughput sequencing,GSM5412772,Additional nasal sample 4,Nasal tissue,Homo sapiens,tissue: Nasal tissue | disease: CRSwNP,,,RNA-Seq,transcriptomic,GSE179265_readcount_genename.txt.gz,partial_titles_estimated
GSE179265,Inflammatory molecular endotypes of nasal polyps derived from Caucasian and Japanese populations,Expression profiling by high throughput sequencing,GSM5412773,Additional nasal sample 5,Nasal tissue,Homo sapiens,tissue: Nasal tissue | disease: CRSwNP,,,RNA-Seq,transcriptomic,GSE179265_readcount_genename.txt.gz,partial_titles_estimated
GSE179265,Inflammatory molecular endotypes of nasal polyps derived from Caucasian and Japanese populations,Expression profiling by high throughput sequencing,GSM5412774,Additional nasal sample 6,Nasal tissue,Homo sapiens,tissue: Nasal tissue | disease: CRSwNP,,,RNA-Seq,transcriptomic,GSE179265_readcount_genename.txt.gz,partial_titles_estimated
GSE179265,Inflammatory molecular endotypes of nasal polyps derived from Caucasian and Japanese populations,Expression profiling by high throughput sequencing,GSM5412775,Additional nasal sample 7,Nasal tissue,Homo sapiens,tissue: Nasal tissue | disease: CRSwNP,,,RNA-Seq,transcriptomic,GSE179265_readcount_genename.txt.gz,partial_titles_estimated
GSE179265,Inflammatory molecular endotypes of nasal polyps derived from Caucasian and Japanese populations,Expression profiling by high throughput sequencing,GSM5412776,Additional nasal sample 8,Nasal tissue,Homo sapiens,tissue: Nasal tissue | disease: CRSwNP,,,RNA-Seq,transcriptomic,GSE179265_readcount_genename.txt.gz,partial_titles_estimated
GSE179265,Inflammatory molecular endotypes of nasal polyps derived from Caucasian and Japanese populations,Expression profiling by high throughput sequencing,GSM5412777,Additional nasal sample 9,Nasal tissue,Homo sapiens,tissue: Nasal tissue | disease: CRSwNP,,,RNA-Seq,transcriptomic,GSE179265_readcount_genename.txt.gz,partial_titles_estimated
GSE179265,Inflammatory molecular endotypes of nasal polyps derived from Caucasian and Japanese populations,Expression profiling by high throughput sequencing,GSM5412778,NP1327,Nasal tissue,Homo sapiens,tissue: Nasal tissue | disease: CRSwNP,,,RNA-Seq,transcriptomic,GSE179265_readcount_genename.txt.gz,partial_titles_estimated
GSE179265,Inflammatory molecular endotypes of nasal polyps derived from Caucasian and Japanese populations,Expression profiling by high throughput sequencing,GSM5412779,NP1400,Nasal tissue,Homo sapiens,tissue: Nasal tissue | disease: CRSwNP,,,RNA-Seq,transcriptomic,GSE179265_readcount_genename.txt.gz,partial_titles_estimated
