src,dst,edge_type,weight
ClusterA,GENE0,cluster_expr,4.549310684204102
ClusterA,GENE1,cluster_expr,4.496441841125488
ClusterA,GENE2,cluster_expr,4.504141807556152
ClusterA,GENE3,cluster_expr,4.500502586364746
ClusterA,GENE4,cluster_expr,4.510225296020508
ClusterA,GENE5,cluster_expr,4.468566417694092
ClusterA,GENE6,cluster_expr,4.505057334899902
ClusterA,GENE7,cluster_expr,4.486752510070801
ClusterA,GENE8,cluster_expr,4.526700019836426
ClusterA,GENE9,cluster_expr,4.519386291503906
ClusterA,GENE10,cluster_expr,4.5279860496521
ClusterA,GENE11,cluster_expr,4.531222820281982
ClusterA,GENE12,cluster_expr,4.530883312225342
ClusterA,GENE13,cluster_expr,4.526007175445557
ClusterA,GENE14,cluster_expr,4.502528190612793
ClusterA,GENE15,cluster_expr,4.473829746246338
ClusterA,GENE16,cluster_expr,4.527959823608398
ClusterA,GENE17,cluster_expr,4.509702205657959
ClusterA,GENE18,cluster_expr,4.483086585998535
ClusterA,GENE19,cluster_expr,4.514959812164307
ClusterA,GENE20,cluster_expr,4.517497539520264
ClusterA,GENE21,cluster_expr,4.483593940734863
ClusterA,GENE22,cluster_expr,4.517071723937988
ClusterA,GENE23,cluster_expr,4.521381855010986
ClusterA,GENE24,cluster_expr,4.495822429656982
ClusterA,GENE25,cluster_expr,4.501781463623047
ClusterA,GENE26,cluster_expr,4.522558212280273
ClusterA,GENE27,cluster_expr,4.510339260101318
ClusterA,GENE28,cluster_expr,4.513186454772949
ClusterA,GENE29,cluster_expr,4.5329694747924805
ClusterA,GENE30,cluster_expr,2.513298749923706
ClusterA,GENE31,cluster_expr,2.6382029056549072
ClusterA,GENE32,cluster_expr,2.501645565032959
ClusterA,GENE33,cluster_expr,2.6997127532958984
ClusterA,GENE34,cluster_expr,2.6604039669036865
ClusterA,GENE35,cluster_expr,2.7273426055908203
ClusterA,GENE36,cluster_expr,2.436814546585083
ClusterA,GENE37,cluster_expr,2.514202356338501
ClusterA,GENE38,cluster_expr,2.5540857315063477
ClusterA,GENE39,cluster_expr,2.355372428894043
ClusterA,GENE40,cluster_expr,2.529102087020874
ClusterA,GENE41,cluster_expr,2.4636194705963135
ClusterA,GENE42,cluster_expr,2.5851755142211914
ClusterA,GENE43,cluster_expr,2.4825332164764404
ClusterA,GENE44,cluster_expr,2.6409671306610107
ClusterA,GENE45,cluster_expr,2.5352954864501953
ClusterA,GENE46,cluster_expr,2.48445200920105
ClusterA,GENE47,cluster_expr,2.457747459411621
ClusterA,GENE48,cluster_expr,2.653164863586426
ClusterA,GENE49,cluster_expr,2.5521621704101562
ClusterA,GENE50,cluster_expr,2.476370096206665
ClusterA,GENE51,cluster_expr,2.531177282333374
ClusterA,GENE52,cluster_expr,2.546318769454956
ClusterA,GENE53,cluster_expr,2.519495725631714
ClusterA,GENE54,cluster_expr,2.544407606124878
ClusterA,GENE55,cluster_expr,2.448333978652954
ClusterA,GENE56,cluster_expr,2.4834821224212646
ClusterA,GENE57,cluster_expr,2.668473482131958
ClusterA,GENE58,cluster_expr,2.6467621326446533
ClusterA,GENE59,cluster_expr,2.6749656200408936
ClusterA,GENE60,cluster_expr,2.786583662033081
ClusterA,GENE61,cluster_expr,2.6266355514526367
ClusterA,GENE62,cluster_expr,2.536619186401367
ClusterA,GENE63,cluster_expr,2.5602474212646484
ClusterA,GENE64,cluster_expr,2.5781655311584473
ClusterA,GENE65,cluster_expr,2.4638681411743164
ClusterA,GENE66,cluster_expr,2.637356758117676
ClusterA,GENE67,cluster_expr,2.462442398071289
ClusterA,GENE68,cluster_expr,2.5241761207580566
ClusterA,GENE69,cluster_expr,2.5515854358673096
ClusterA,GENE70,cluster_expr,2.3964762687683105
ClusterA,GENE71,cluster_expr,2.7632453441619873
ClusterA,GENE72,cluster_expr,2.5543363094329834
ClusterA,GENE73,cluster_expr,2.7050390243530273
ClusterA,GENE74,cluster_expr,2.5842339992523193
ClusterA,GENE75,cluster_expr,2.506878137588501
ClusterA,GENE76,cluster_expr,2.498811721801758
ClusterA,GENE77,cluster_expr,2.561291217803955
ClusterA,GENE78,cluster_expr,2.525758981704712
ClusterA,GENE79,cluster_expr,2.713022232055664
ClusterA,GENE80,cluster_expr,2.475151538848877
ClusterA,GENE81,cluster_expr,2.6391067504882812
ClusterA,GENE82,cluster_expr,2.6786317825317383
ClusterA,GENE83,cluster_expr,2.592369318008423
ClusterA,GENE84,cluster_expr,2.3758130073547363
ClusterA,GENE85,cluster_expr,2.626140832901001
ClusterA,GENE86,cluster_expr,2.6633660793304443
ClusterA,GENE87,cluster_expr,2.5631134510040283
ClusterA,GENE88,cluster_expr,2.420231342315674
ClusterA,GENE89,cluster_expr,2.561094045639038
ClusterA,GENE90,cluster_expr,2.404379367828369
ClusterA,GENE91,cluster_expr,2.558112382888794
ClusterA,GENE92,cluster_expr,2.905975580215454
ClusterA,GENE93,cluster_expr,2.538170337677002
ClusterA,GENE94,cluster_expr,2.597261905670166
ClusterA,GENE95,cluster_expr,2.598141670227051
ClusterA,GENE96,cluster_expr,2.662278652191162
ClusterA,GENE97,cluster_expr,2.6541242599487305
ClusterA,GENE98,cluster_expr,2.4821321964263916
ClusterA,GENE99,cluster_expr,2.573171615600586
ClusterA,GENE100,cluster_expr,2.528139352798462
ClusterA,GENE101,cluster_expr,2.403010606765747
ClusterA,GENE102,cluster_expr,2.480398178100586
ClusterA,GENE103,cluster_expr,2.6396703720092773
ClusterA,GENE104,cluster_expr,2.5120937824249268
ClusterA,GENE105,cluster_expr,2.5717689990997314
ClusterA,GENE106,cluster_expr,2.812368154525757
ClusterA,GENE107,cluster_expr,2.6199114322662354
ClusterA,GENE108,cluster_expr,2.687915325164795
ClusterA,GENE109,cluster_expr,2.659346103668213
ClusterA,GENE110,cluster_expr,2.7132582664489746
ClusterA,GENE111,cluster_expr,2.4954097270965576
ClusterA,GENE112,cluster_expr,2.5075719356536865
ClusterA,GENE113,cluster_expr,2.5232131481170654
ClusterA,GENE114,cluster_expr,2.5270800590515137
ClusterA,GENE115,cluster_expr,2.4381227493286133
ClusterA,GENE116,cluster_expr,2.739891290664673
ClusterA,GENE117,cluster_expr,2.557488203048706
ClusterA,GENE118,cluster_expr,2.558356761932373
ClusterA,GENE119,cluster_expr,2.315345525741577
ClusterA,GENE120,cluster_expr,2.5959744453430176
ClusterA,GENE121,cluster_expr,2.504964828491211
ClusterA,GENE122,cluster_expr,2.5279722213745117
ClusterA,GENE123,cluster_expr,2.797422409057617
ClusterA,GENE124,cluster_expr,2.4979195594787598
ClusterA,GENE125,cluster_expr,2.3879294395446777
ClusterA,GENE126,cluster_expr,2.686728000640869
ClusterA,GENE127,cluster_expr,2.515568733215332
ClusterA,GENE128,cluster_expr,2.609802484512329
ClusterA,GENE129,cluster_expr,2.5545308589935303
ClusterA,GENE130,cluster_expr,2.7180652618408203
ClusterA,GENE131,cluster_expr,2.5770111083984375
ClusterA,GENE132,cluster_expr,2.4567551612854004
ClusterA,GENE133,cluster_expr,2.532867193222046
ClusterA,GENE134,cluster_expr,2.54622745513916
ClusterA,GENE135,cluster_expr,2.5873196125030518
ClusterA,GENE136,cluster_expr,2.6104750633239746
ClusterA,GENE137,cluster_expr,2.422488212585449
ClusterA,GENE138,cluster_expr,2.5181031227111816
ClusterA,GENE139,cluster_expr,2.4775230884552
ClusterA,GENE140,cluster_expr,2.4047908782958984
ClusterA,GENE141,cluster_expr,2.4507994651794434
ClusterA,GENE142,cluster_expr,2.408257246017456
ClusterA,GENE143,cluster_expr,2.503331422805786
ClusterA,GENE144,cluster_expr,2.5713729858398438
ClusterA,GENE145,cluster_expr,2.4504833221435547
ClusterA,GENE146,cluster_expr,2.6739470958709717
ClusterA,GENE147,cluster_expr,2.5418100357055664
ClusterA,GENE148,cluster_expr,2.4052271842956543
ClusterA,GENE149,cluster_expr,2.333299160003662
ClusterA,GENE150,cluster_expr,2.6168875694274902
ClusterA,GENE151,cluster_expr,2.6365697383880615
ClusterA,GENE152,cluster_expr,2.4819893836975098
ClusterA,GENE153,cluster_expr,2.2317779064178467
ClusterA,GENE154,cluster_expr,2.618684768676758
ClusterA,GENE155,cluster_expr,2.712286949157715
ClusterA,GENE156,cluster_expr,2.5697226524353027
ClusterA,GENE157,cluster_expr,2.5424389839172363
ClusterA,GENE158,cluster_expr,2.7050206661224365
ClusterA,GENE159,cluster_expr,2.2874436378479004
ClusterA,GENE160,cluster_expr,2.619994878768921
ClusterA,GENE161,cluster_expr,2.485464096069336
ClusterA,GENE162,cluster_expr,2.4043729305267334
ClusterA,GENE163,cluster_expr,2.395873785018921
ClusterA,GENE164,cluster_expr,2.3963820934295654
ClusterA,GENE165,cluster_expr,2.5832901000976562
ClusterA,GENE166,cluster_expr,2.5392861366271973
ClusterA,GENE167,cluster_expr,2.7528631687164307
ClusterA,GENE168,cluster_expr,2.5527167320251465
ClusterA,GENE169,cluster_expr,2.615537405014038
ClusterA,GENE170,cluster_expr,2.6061830520629883
ClusterA,GENE171,cluster_expr,2.620361328125
ClusterA,GENE172,cluster_expr,2.3528800010681152
ClusterA,GENE173,cluster_expr,2.586409091949463
ClusterA,GENE174,cluster_expr,2.3830618858337402
ClusterA,GENE175,cluster_expr,2.4181010723114014
ClusterA,GENE176,cluster_expr,2.607572317123413
ClusterA,GENE177,cluster_expr,2.428797721862793
ClusterA,GENE178,cluster_expr,2.498905658721924
ClusterA,GENE179,cluster_expr,2.493769407272339
ClusterA,GENE180,cluster_expr,2.5463385581970215
ClusterA,GENE181,cluster_expr,2.449892997741699
ClusterA,GENE182,cluster_expr,2.5312623977661133
ClusterA,GENE183,cluster_expr,2.621016263961792
ClusterA,GENE184,cluster_expr,2.7447502613067627
ClusterA,GENE185,cluster_expr,2.3687753677368164
ClusterA,GENE186,cluster_expr,2.5765914916992188
ClusterA,GENE187,cluster_expr,2.496018171310425
ClusterA,GENE188,cluster_expr,2.528409481048584
ClusterA,GENE189,cluster_expr,2.5468027591705322
ClusterA,GENE190,cluster_expr,2.586667776107788
ClusterA,GENE191,cluster_expr,2.3232908248901367
ClusterA,GENE192,cluster_expr,2.518095016479492
ClusterA,GENE193,cluster_expr,2.601651191711426
ClusterA,GENE194,cluster_expr,2.5190508365631104
ClusterA,GENE195,cluster_expr,2.436450719833374
ClusterA,GENE196,cluster_expr,2.4763529300689697
ClusterA,GENE197,cluster_expr,2.7018544673919678
ClusterA,GENE198,cluster_expr,2.5919911861419678
ClusterA,GENE199,cluster_expr,2.57173228263855
ClusterA,GENE200,cluster_expr,2.655726909637451
ClusterA,GENE201,cluster_expr,2.531341791152954
ClusterA,GENE202,cluster_expr,2.4987573623657227
ClusterA,GENE203,cluster_expr,2.637474775314331
ClusterA,GENE204,cluster_expr,2.666841983795166
ClusterA,GENE205,cluster_expr,2.6334176063537598
ClusterA,GENE206,cluster_expr,2.616807460784912
ClusterA,GENE207,cluster_expr,2.5576350688934326
ClusterA,GENE208,cluster_expr,2.4352965354919434
ClusterA,GENE209,cluster_expr,2.686580181121826
ClusterA,GENE210,cluster_expr,2.6315407752990723
ClusterA,GENE211,cluster_expr,2.5888583660125732
ClusterA,GENE212,cluster_expr,2.5875747203826904
ClusterA,GENE213,cluster_expr,2.572587490081787
ClusterA,GENE214,cluster_expr,2.474848747253418
ClusterA,GENE215,cluster_expr,2.532999038696289
ClusterA,GENE216,cluster_expr,2.7601568698883057
ClusterA,GENE217,cluster_expr,2.6658730506896973
ClusterA,GENE218,cluster_expr,2.5915029048919678
ClusterA,GENE219,cluster_expr,2.519320249557495
ClusterA,GENE220,cluster_expr,2.5869171619415283
ClusterA,GENE221,cluster_expr,2.6618597507476807
ClusterA,GENE222,cluster_expr,2.518979549407959
ClusterA,GENE223,cluster_expr,2.532559871673584
ClusterA,GENE224,cluster_expr,2.470128297805786
ClusterA,GENE225,cluster_expr,2.5965938568115234
ClusterA,GENE226,cluster_expr,2.6580865383148193
ClusterA,GENE227,cluster_expr,2.604437828063965
ClusterA,GENE228,cluster_expr,2.569592237472534
ClusterA,GENE229,cluster_expr,2.547341823577881
ClusterA,GENE230,cluster_expr,2.3656747341156006
ClusterA,GENE231,cluster_expr,2.7646374702453613
ClusterA,GENE232,cluster_expr,2.661428928375244
ClusterA,GENE233,cluster_expr,2.612178325653076
ClusterA,GENE234,cluster_expr,2.6268510818481445
ClusterA,GENE235,cluster_expr,2.2463061809539795
ClusterA,GENE236,cluster_expr,2.4340219497680664
ClusterA,GENE237,cluster_expr,2.5803823471069336
ClusterA,GENE238,cluster_expr,2.387732744216919
ClusterA,GENE239,cluster_expr,2.483144760131836
ClusterA,GENE240,cluster_expr,2.5361783504486084
ClusterA,GENE241,cluster_expr,2.480360984802246
ClusterA,GENE242,cluster_expr,2.4664244651794434
ClusterA,GENE243,cluster_expr,2.562814712524414
ClusterA,GENE244,cluster_expr,2.613992691040039
ClusterA,GENE245,cluster_expr,2.6118884086608887
ClusterA,GENE246,cluster_expr,2.639477491378784
ClusterA,GENE247,cluster_expr,2.628657817840576
ClusterA,GENE248,cluster_expr,2.5517494678497314
ClusterA,GENE249,cluster_expr,2.774562358856201
ClusterA,GENE250,cluster_expr,2.4436872005462646
ClusterA,GENE251,cluster_expr,2.5522267818450928
ClusterA,GENE252,cluster_expr,2.7531332969665527
ClusterA,GENE253,cluster_expr,2.550891637802124
ClusterA,GENE254,cluster_expr,2.4947729110717773
ClusterA,GENE255,cluster_expr,2.430590867996216
ClusterA,GENE256,cluster_expr,2.6686055660247803
ClusterA,GENE257,cluster_expr,2.7104408740997314
ClusterA,GENE258,cluster_expr,2.65107798576355
ClusterA,GENE259,cluster_expr,2.574436664581299
ClusterA,GENE260,cluster_expr,2.639195203781128
ClusterA,GENE261,cluster_expr,2.5893139839172363
ClusterA,GENE262,cluster_expr,2.50272798538208
ClusterA,GENE263,cluster_expr,2.553375005722046
ClusterA,GENE264,cluster_expr,2.639538288116455
ClusterA,GENE265,cluster_expr,2.6602935791015625
ClusterA,GENE266,cluster_expr,2.472036838531494
ClusterA,GENE267,cluster_expr,2.36357045173645
ClusterA,GENE268,cluster_expr,2.336625576019287
ClusterA,GENE269,cluster_expr,2.6498355865478516
ClusterA,GENE270,cluster_expr,2.595349073410034
ClusterA,GENE271,cluster_expr,2.6079421043395996
ClusterA,GENE272,cluster_expr,2.597658395767212
ClusterA,GENE273,cluster_expr,2.5444839000701904
ClusterA,GENE274,cluster_expr,2.781435966491699
ClusterA,GENE275,cluster_expr,2.471694231033325
ClusterA,GENE276,cluster_expr,2.684272527694702
ClusterA,GENE277,cluster_expr,2.637984275817871
ClusterA,GENE278,cluster_expr,2.6214046478271484
ClusterA,GENE279,cluster_expr,2.5770761966705322
ClusterA,GENE280,cluster_expr,2.555854082107544
ClusterA,GENE281,cluster_expr,2.5058820247650146
ClusterA,GENE282,cluster_expr,2.384594440460205
ClusterA,GENE283,cluster_expr,2.50666880607605
ClusterA,GENE284,cluster_expr,2.574489116668701
ClusterA,GENE285,cluster_expr,2.5213985443115234
ClusterA,GENE286,cluster_expr,2.6837644577026367
ClusterA,GENE287,cluster_expr,2.425489664077759
ClusterA,GENE288,cluster_expr,2.497992515563965
ClusterA,GENE289,cluster_expr,2.5914623737335205
ClusterA,GENE290,cluster_expr,2.655332565307617
ClusterA,GENE291,cluster_expr,2.5716660022735596
ClusterA,GENE292,cluster_expr,2.633219003677368
ClusterA,GENE293,cluster_expr,2.7165186405181885
ClusterA,GENE294,cluster_expr,2.5206170082092285
ClusterA,GENE295,cluster_expr,2.5742597579956055
ClusterA,GENE296,cluster_expr,2.486466407775879
ClusterA,GENE297,cluster_expr,2.6572394371032715
ClusterA,GENE298,cluster_expr,2.57741641998291
ClusterA,GENE299,cluster_expr,2.513061761856079
ClusterB,GENE0,cluster_expr,3.578047752380371
ClusterB,GENE1,cluster_expr,3.7236785888671875
ClusterB,GENE2,cluster_expr,3.644401788711548
ClusterB,GENE3,cluster_expr,3.705688714981079
ClusterB,GENE4,cluster_expr,3.7094204425811768
ClusterB,GENE5,cluster_expr,3.645376205444336
ClusterB,GENE6,cluster_expr,3.569974660873413
ClusterB,GENE7,cluster_expr,3.592867851257324
ClusterB,GENE8,cluster_expr,3.657421827316284
ClusterB,GENE9,cluster_expr,3.6703033447265625
ClusterB,GENE10,cluster_expr,3.6815130710601807
ClusterB,GENE11,cluster_expr,3.612647294998169
ClusterB,GENE12,cluster_expr,3.513010263442993
ClusterB,GENE13,cluster_expr,3.685121774673462
ClusterB,GENE14,cluster_expr,3.566145896911621
ClusterB,GENE15,cluster_expr,3.708542823791504
ClusterB,GENE16,cluster_expr,3.622915029525757
ClusterB,GENE17,cluster_expr,3.540754795074463
ClusterB,GENE18,cluster_expr,3.7419614791870117
ClusterB,GENE19,cluster_expr,3.615880012512207
ClusterB,GENE20,cluster_expr,3.7193708419799805
ClusterB,GENE21,cluster_expr,3.5208303928375244
ClusterB,GENE22,cluster_expr,3.6247408390045166
ClusterB,GENE23,cluster_expr,3.541430711746216
ClusterB,GENE24,cluster_expr,3.534076452255249
ClusterB,GENE25,cluster_expr,3.5207533836364746
ClusterB,GENE26,cluster_expr,3.644235134124756
ClusterB,GENE27,cluster_expr,3.478135108947754
ClusterB,GENE28,cluster_expr,3.663764715194702
ClusterB,GENE29,cluster_expr,3.7103829383850098
ClusterB,GENE30,cluster_expr,2.786949396133423
ClusterB,GENE31,cluster_expr,2.6159932613372803
ClusterB,GENE32,cluster_expr,2.595341444015503
ClusterB,GENE33,cluster_expr,2.7073442935943604
ClusterB,GENE34,cluster_expr,2.622076988220215
ClusterB,GENE35,cluster_expr,2.5543439388275146
ClusterB,GENE36,cluster_expr,2.683650016784668
ClusterB,GENE37,cluster_expr,2.596038818359375
ClusterB,GENE38,cluster_expr,2.5180282592773438
ClusterB,GENE39,cluster_expr,2.504129409790039
ClusterB,GENE40,cluster_expr,2.6832196712493896
ClusterB,GENE41,cluster_expr,2.766566276550293
ClusterB,GENE42,cluster_expr,2.689279794692993
ClusterB,GENE43,cluster_expr,2.6717417240142822
ClusterB,GENE44,cluster_expr,2.6890430450439453
ClusterB,GENE45,cluster_expr,2.8443679809570312
ClusterB,GENE46,cluster_expr,2.7332241535186768
ClusterB,GENE47,cluster_expr,2.436750888824463
ClusterB,GENE48,cluster_expr,2.742335319519043
ClusterB,GENE49,cluster_expr,2.6236298084259033
ClusterB,GENE50,cluster_expr,2.6997056007385254
ClusterB,GENE51,cluster_expr,2.5802907943725586
ClusterB,GENE52,cluster_expr,2.694506883621216
ClusterB,GENE53,cluster_expr,2.671525001525879
ClusterB,GENE54,cluster_expr,2.6824746131896973
ClusterB,GENE55,cluster_expr,2.673696279525757
ClusterB,GENE56,cluster_expr,2.7396185398101807
ClusterB,GENE57,cluster_expr,2.6081366539001465
ClusterB,GENE58,cluster_expr,2.79184627532959
ClusterB,GENE59,cluster_expr,2.5234215259552
ClusterB,GENE60,cluster_expr,2.5539379119873047
ClusterB,GENE61,cluster_expr,2.5596697330474854
ClusterB,GENE62,cluster_expr,2.3257744312286377
ClusterB,GENE63,cluster_expr,2.6409356594085693
ClusterB,GENE64,cluster_expr,2.4805352687835693
ClusterB,GENE65,cluster_expr,2.703529119491577
ClusterB,GENE66,cluster_expr,2.8355538845062256
ClusterB,GENE67,cluster_expr,2.7334635257720947
ClusterB,GENE68,cluster_expr,2.644491672515869
ClusterB,GENE69,cluster_expr,2.535727024078369
ClusterB,GENE70,cluster_expr,2.6371896266937256
ClusterB,GENE71,cluster_expr,2.4851808547973633
ClusterB,GENE72,cluster_expr,2.6951558589935303
ClusterB,GENE73,cluster_expr,2.7527341842651367
ClusterB,GENE74,cluster_expr,2.654384136199951
ClusterB,GENE75,cluster_expr,2.631991386413574
ClusterB,GENE76,cluster_expr,2.7389254570007324
ClusterB,GENE77,cluster_expr,2.545480251312256
ClusterB,GENE78,cluster_expr,2.505340099334717
ClusterB,GENE79,cluster_expr,2.7287802696228027
ClusterB,GENE80,cluster_expr,2.560025691986084
ClusterB,GENE81,cluster_expr,2.5569887161254883
ClusterB,GENE82,cluster_expr,2.696425199508667
ClusterB,GENE83,cluster_expr,2.528578996658325
ClusterB,GENE84,cluster_expr,2.61224365234375
ClusterB,GENE85,cluster_expr,2.49530029296875
ClusterB,GENE86,cluster_expr,2.4135100841522217
ClusterB,GENE87,cluster_expr,2.754234552383423
ClusterB,GENE88,cluster_expr,2.6194117069244385
ClusterB,GENE89,cluster_expr,2.639974355697632
ClusterB,GENE90,cluster_expr,2.5832149982452393
ClusterB,GENE91,cluster_expr,2.600048542022705
ClusterB,GENE92,cluster_expr,2.657263994216919
ClusterB,GENE93,cluster_expr,2.6655073165893555
ClusterB,GENE94,cluster_expr,2.9010169506073
ClusterB,GENE95,cluster_expr,2.4876465797424316
ClusterB,GENE96,cluster_expr,2.52919864654541
ClusterB,GENE97,cluster_expr,2.7823855876922607
ClusterB,GENE98,cluster_expr,2.8928143978118896
ClusterB,GENE99,cluster_expr,2.6946723461151123
ClusterB,GENE100,cluster_expr,2.774181842803955
ClusterB,GENE101,cluster_expr,2.5614938735961914
ClusterB,GENE102,cluster_expr,2.538102149963379
ClusterB,GENE103,cluster_expr,2.6082236766815186
ClusterB,GENE104,cluster_expr,2.4690041542053223
ClusterB,GENE105,cluster_expr,2.495333194732666
ClusterB,GENE106,cluster_expr,2.5662620067596436
ClusterB,GENE107,cluster_expr,2.692221164703369
ClusterB,GENE108,cluster_expr,2.671635627746582
ClusterB,GENE109,cluster_expr,2.8842933177948
ClusterB,GENE110,cluster_expr,2.5742533206939697
ClusterB,GENE111,cluster_expr,2.705620765686035
ClusterB,GENE112,cluster_expr,2.561314344406128
ClusterB,GENE113,cluster_expr,2.6938259601593018
ClusterB,GENE114,cluster_expr,2.7309417724609375
ClusterB,GENE115,cluster_expr,2.464766025543213
ClusterB,GENE116,cluster_expr,2.6188504695892334
ClusterB,GENE117,cluster_expr,2.6134512424468994
ClusterB,GENE118,cluster_expr,2.748800754547119
ClusterB,GENE119,cluster_expr,2.5468459129333496
ClusterB,GENE120,cluster_expr,2.538205623626709
ClusterB,GENE121,cluster_expr,2.58284068107605
ClusterB,GENE122,cluster_expr,2.7255563735961914
ClusterB,GENE123,cluster_expr,2.3893847465515137
ClusterB,GENE124,cluster_expr,2.753047466278076
ClusterB,GENE125,cluster_expr,2.534674882888794
ClusterB,GENE126,cluster_expr,2.5663373470306396
ClusterB,GENE127,cluster_expr,2.305817127227783
ClusterB,GENE128,cluster_expr,2.5206098556518555
ClusterB,GENE129,cluster_expr,2.7164740562438965
ClusterB,GENE130,cluster_expr,2.6211721897125244
ClusterB,GENE131,cluster_expr,2.5730161666870117
ClusterB,GENE132,cluster_expr,2.6626195907592773
ClusterB,GENE133,cluster_expr,2.6984052658081055
ClusterB,GENE134,cluster_expr,2.7527477741241455
ClusterB,GENE135,cluster_expr,2.7346792221069336
ClusterB,GENE136,cluster_expr,2.6625962257385254
ClusterB,GENE137,cluster_expr,2.6176023483276367
ClusterB,GENE138,cluster_expr,2.783679485321045
ClusterB,GENE139,cluster_expr,2.7103140354156494
ClusterB,GENE140,cluster_expr,2.679849624633789
ClusterB,GENE141,cluster_expr,2.4184343814849854
ClusterB,GENE142,cluster_expr,2.5171701908111572
ClusterB,GENE143,cluster_expr,2.4381868839263916
ClusterB,GENE144,cluster_expr,2.6101202964782715
ClusterB,GENE145,cluster_expr,2.567189931869507
ClusterB,GENE146,cluster_expr,2.6355371475219727
ClusterB,GENE147,cluster_expr,2.4293107986450195
ClusterB,GENE148,cluster_expr,2.583467721939087
ClusterB,GENE149,cluster_expr,2.621220588684082
ClusterB,GENE150,cluster_expr,2.4441020488739014
ClusterB,GENE151,cluster_expr,2.5041298866271973
ClusterB,GENE152,cluster_expr,2.802279472351074
ClusterB,GENE153,cluster_expr,2.419001817703247
ClusterB,GENE154,cluster_expr,2.3964874744415283
ClusterB,GENE155,cluster_expr,2.6555449962615967
ClusterB,GENE156,cluster_expr,2.529484272003174
ClusterB,GENE157,cluster_expr,2.6361606121063232
ClusterB,GENE158,cluster_expr,2.813816785812378
ClusterB,GENE159,cluster_expr,2.4536943435668945
ClusterB,GENE160,cluster_expr,2.585184335708618
ClusterB,GENE161,cluster_expr,2.412971019744873
ClusterB,GENE162,cluster_expr,2.6696066856384277
ClusterB,GENE163,cluster_expr,2.678938865661621
ClusterB,GENE164,cluster_expr,2.572399377822876
ClusterB,GENE165,cluster_expr,2.6818747520446777
ClusterB,GENE166,cluster_expr,2.6443588733673096
ClusterB,GENE167,cluster_expr,2.643479108810425
ClusterB,GENE168,cluster_expr,2.509273052215576
ClusterB,GENE169,cluster_expr,2.635455846786499
ClusterB,GENE170,cluster_expr,2.6512537002563477
ClusterB,GENE171,cluster_expr,2.4931106567382812
ClusterB,GENE172,cluster_expr,2.663100481033325
ClusterB,GENE173,cluster_expr,2.6119039058685303
ClusterB,GENE174,cluster_expr,2.364577531814575
ClusterB,GENE175,cluster_expr,2.5515496730804443
ClusterB,GENE176,cluster_expr,2.4484167098999023
ClusterB,GENE177,cluster_expr,2.8881752490997314
ClusterB,GENE178,cluster_expr,2.888202428817749
ClusterB,GENE179,cluster_expr,2.532503843307495
ClusterB,GENE180,cluster_expr,2.5451433658599854
ClusterB,GENE181,cluster_expr,2.65287709236145
ClusterB,GENE182,cluster_expr,2.8118958473205566
ClusterB,GENE183,cluster_expr,2.6214773654937744
ClusterB,GENE184,cluster_expr,2.804098606109619
ClusterB,GENE185,cluster_expr,2.530513048171997
ClusterB,GENE186,cluster_expr,2.5208780765533447
ClusterB,GENE187,cluster_expr,2.678476333618164
ClusterB,GENE188,cluster_expr,2.7442140579223633
ClusterB,GENE189,cluster_expr,2.732523202896118
ClusterB,GENE190,cluster_expr,2.5382258892059326
ClusterB,GENE191,cluster_expr,2.621441602706909
ClusterB,GENE192,cluster_expr,2.6646173000335693
ClusterB,GENE193,cluster_expr,2.6765387058258057
ClusterB,GENE194,cluster_expr,2.724667549133301
ClusterB,GENE195,cluster_expr,2.599086284637451
ClusterB,GENE196,cluster_expr,2.7148520946502686
ClusterB,GENE197,cluster_expr,2.5788991451263428
ClusterB,GENE198,cluster_expr,2.566470146179199
ClusterB,GENE199,cluster_expr,2.640066623687744
ClusterB,GENE200,cluster_expr,2.4963865280151367
ClusterB,GENE201,cluster_expr,2.6726648807525635
ClusterB,GENE202,cluster_expr,2.6441421508789062
ClusterB,GENE203,cluster_expr,2.5479536056518555
ClusterB,GENE204,cluster_expr,2.9436702728271484
ClusterB,GENE205,cluster_expr,2.586448907852173
ClusterB,GENE206,cluster_expr,2.4671483039855957
ClusterB,GENE207,cluster_expr,2.5508370399475098
ClusterB,GENE208,cluster_expr,2.6470258235931396
ClusterB,GENE209,cluster_expr,2.6183502674102783
ClusterB,GENE210,cluster_expr,2.5285890102386475
ClusterB,GENE211,cluster_expr,2.462796688079834
ClusterB,GENE212,cluster_expr,2.836751699447632
ClusterB,GENE213,cluster_expr,2.6591391563415527
ClusterB,GENE214,cluster_expr,2.7010257244110107
ClusterB,GENE215,cluster_expr,2.525118589401245
ClusterB,GENE216,cluster_expr,2.7160985469818115
ClusterB,GENE217,cluster_expr,2.3592355251312256
ClusterB,GENE218,cluster_expr,3.0093860626220703
ClusterB,GENE219,cluster_expr,2.7430319786071777
ClusterB,GENE220,cluster_expr,2.284616708755493
ClusterB,GENE221,cluster_expr,2.774111032485962
ClusterB,GENE222,cluster_expr,2.6492624282836914
ClusterB,GENE223,cluster_expr,2.7823941707611084
ClusterB,GENE224,cluster_expr,2.6627919673919678
ClusterB,GENE225,cluster_expr,2.50526762008667
ClusterB,GENE226,cluster_expr,2.4723641872406006
ClusterB,GENE227,cluster_expr,2.811173677444458
ClusterB,GENE228,cluster_expr,2.600889205932617
ClusterB,GENE229,cluster_expr,2.6011152267456055
ClusterB,GENE230,cluster_expr,2.6295883655548096
ClusterB,GENE231,cluster_expr,2.693967819213867
ClusterB,GENE232,cluster_expr,2.5381579399108887
ClusterB,GENE233,cluster_expr,2.6189048290252686
ClusterB,GENE234,cluster_expr,2.6466989517211914
ClusterB,GENE235,cluster_expr,2.3462960720062256
ClusterB,GENE236,cluster_expr,2.6786324977874756
ClusterB,GENE237,cluster_expr,2.6339216232299805
ClusterB,GENE238,cluster_expr,2.492417812347412
ClusterB,GENE239,cluster_expr,2.6258556842803955
ClusterB,GENE240,cluster_expr,2.7817230224609375
ClusterB,GENE241,cluster_expr,2.963371515274048
ClusterB,GENE242,cluster_expr,2.758268117904663
ClusterB,GENE243,cluster_expr,2.6258459091186523
ClusterB,GENE244,cluster_expr,2.771768569946289
ClusterB,GENE245,cluster_expr,2.772693395614624
ClusterB,GENE246,cluster_expr,2.6764087677001953
ClusterB,GENE247,cluster_expr,2.783935785293579
ClusterB,GENE248,cluster_expr,2.514570951461792
ClusterB,GENE249,cluster_expr,2.612802028656006
ClusterB,GENE250,cluster_expr,2.660778284072876
ClusterB,GENE251,cluster_expr,2.5841574668884277
ClusterB,GENE252,cluster_expr,2.7996299266815186
ClusterB,GENE253,cluster_expr,2.686824083328247
ClusterB,GENE254,cluster_expr,2.5709123611450195
ClusterB,GENE255,cluster_expr,2.725430965423584
ClusterB,GENE256,cluster_expr,2.6547317504882812
ClusterB,GENE257,cluster_expr,2.6720821857452393
ClusterB,GENE258,cluster_expr,2.48646879196167
ClusterB,GENE259,cluster_expr,2.737522840499878
ClusterB,GENE260,cluster_expr,2.831115961074829
ClusterB,GENE261,cluster_expr,2.653017997741699
ClusterB,GENE262,cluster_expr,2.4131624698638916
ClusterB,GENE263,cluster_expr,2.7079033851623535
ClusterB,GENE264,cluster_expr,2.4439940452575684
ClusterB,GENE265,cluster_expr,2.558140993118286
ClusterB,GENE266,cluster_expr,2.201087474822998
ClusterB,GENE267,cluster_expr,2.3980424404144287
ClusterB,GENE268,cluster_expr,2.657247543334961
ClusterB,GENE269,cluster_expr,2.58010196685791
ClusterB,GENE270,cluster_expr,2.6975035667419434
ClusterB,GENE271,cluster_expr,2.5251853466033936
ClusterB,GENE272,cluster_expr,2.714245319366455
ClusterB,GENE273,cluster_expr,2.5496208667755127
ClusterB,GENE274,cluster_expr,2.669462203979492
ClusterB,GENE275,cluster_expr,2.601186513900757
ClusterB,GENE276,cluster_expr,2.53222393989563
ClusterB,GENE277,cluster_expr,2.7744216918945312
ClusterB,GENE278,cluster_expr,2.3590664863586426
ClusterB,GENE279,cluster_expr,2.999979019165039
ClusterB,GENE280,cluster_expr,2.3513121604919434
ClusterB,GENE281,cluster_expr,2.643573522567749
ClusterB,GENE282,cluster_expr,2.609100580215454
ClusterB,GENE283,cluster_expr,2.687060594558716
ClusterB,GENE284,cluster_expr,2.644066095352173
ClusterB,GENE285,cluster_expr,2.7212319374084473
ClusterB,GENE286,cluster_expr,2.6809186935424805
ClusterB,GENE287,cluster_expr,2.8397672176361084
ClusterB,GENE288,cluster_expr,2.6237871646881104
ClusterB,GENE289,cluster_expr,2.6675636768341064
ClusterB,GENE290,cluster_expr,2.707061529159546
ClusterB,GENE291,cluster_expr,2.673295021057129
ClusterB,GENE292,cluster_expr,2.6177077293395996
ClusterB,GENE293,cluster_expr,2.6135101318359375
ClusterB,GENE294,cluster_expr,2.368143320083618
ClusterB,GENE295,cluster_expr,2.8104846477508545
ClusterB,GENE296,cluster_expr,2.4575352668762207
ClusterB,GENE297,cluster_expr,2.507316827774048
ClusterB,GENE298,cluster_expr,2.543208122253418
ClusterB,GENE299,cluster_expr,2.362793445587158
ClusterC,GENE0,cluster_expr,2.6452176570892334
ClusterC,GENE1,cluster_expr,2.8063886165618896
ClusterC,GENE2,cluster_expr,2.7103240489959717
ClusterC,GENE3,cluster_expr,2.870328903198242
ClusterC,GENE4,cluster_expr,2.7067949771881104
ClusterC,GENE5,cluster_expr,2.778815269470215
ClusterC,GENE6,cluster_expr,2.8105010986328125
ClusterC,GENE7,cluster_expr,2.857757329940796
ClusterC,GENE8,cluster_expr,2.5015037059783936
ClusterC,GENE9,cluster_expr,2.56657338142395
ClusterC,GENE10,cluster_expr,2.9176318645477295
ClusterC,GENE11,cluster_expr,2.6554031372070312
ClusterC,GENE12,cluster_expr,2.5765905380249023
ClusterC,GENE13,cluster_expr,2.7236571311950684
ClusterC,GENE14,cluster_expr,2.6832261085510254
ClusterC,GENE15,cluster_expr,2.7465689182281494
ClusterC,GENE16,cluster_expr,2.9555983543395996
ClusterC,GENE17,cluster_expr,2.7668721675872803
ClusterC,GENE18,cluster_expr,2.7211575508117676
ClusterC,GENE19,cluster_expr,2.61348032951355
ClusterC,GENE20,cluster_expr,2.6338882446289062
ClusterC,GENE21,cluster_expr,2.5831191539764404
ClusterC,GENE22,cluster_expr,2.7561986446380615
ClusterC,GENE23,cluster_expr,2.7858481407165527
ClusterC,GENE24,cluster_expr,2.6513941287994385
ClusterC,GENE25,cluster_expr,2.912602424621582
ClusterC,GENE26,cluster_expr,2.5731661319732666
ClusterC,GENE27,cluster_expr,2.7333669662475586
ClusterC,GENE28,cluster_expr,2.8575451374053955
ClusterC,GENE29,cluster_expr,2.5656778812408447
ClusterC,GENE30,cluster_expr,2.4431140422821045
ClusterC,GENE31,cluster_expr,2.6984593868255615
ClusterC,GENE32,cluster_expr,2.6506149768829346
ClusterC,GENE33,cluster_expr,2.722229242324829
ClusterC,GENE34,cluster_expr,2.489199638366699
ClusterC,GENE35,cluster_expr,2.741518020629883
ClusterC,GENE36,cluster_expr,2.6535444259643555
ClusterC,GENE37,cluster_expr,2.602621555328369
ClusterC,GENE38,cluster_expr,2.7433316707611084
ClusterC,GENE39,cluster_expr,2.7368323802948
ClusterC,GENE40,cluster_expr,2.7186484336853027
ClusterC,GENE41,cluster_expr,2.862889051437378
ClusterC,GENE42,cluster_expr,2.679063320159912
ClusterC,GENE43,cluster_expr,2.849452018737793
ClusterC,GENE44,cluster_expr,2.6259992122650146
ClusterC,GENE45,cluster_expr,2.550718069076538
ClusterC,GENE46,cluster_expr,2.507992744445801
ClusterC,GENE47,cluster_expr,2.815255641937256
ClusterC,GENE48,cluster_expr,2.9059946537017822
ClusterC,GENE49,cluster_expr,2.573573112487793
ClusterC,GENE50,cluster_expr,2.930964469909668
ClusterC,GENE51,cluster_expr,2.7167747020721436
ClusterC,GENE52,cluster_expr,2.6158578395843506
ClusterC,GENE53,cluster_expr,2.6909236907958984
ClusterC,GENE54,cluster_expr,2.7800588607788086
ClusterC,GENE55,cluster_expr,2.6625454425811768
ClusterC,GENE56,cluster_expr,2.6881585121154785
ClusterC,GENE57,cluster_expr,2.7063918113708496
ClusterC,GENE58,cluster_expr,2.8047940731048584
ClusterC,GENE59,cluster_expr,2.6208224296569824
ClusterC,GENE60,cluster_expr,2.7975637912750244
ClusterC,GENE61,cluster_expr,2.7257604598999023
ClusterC,GENE62,cluster_expr,2.668189287185669
ClusterC,GENE63,cluster_expr,2.900036334991455
ClusterC,GENE64,cluster_expr,2.798224449157715
ClusterC,GENE65,cluster_expr,2.5199246406555176
ClusterC,GENE66,cluster_expr,2.6324265003204346
ClusterC,GENE67,cluster_expr,2.497103691101074
ClusterC,GENE68,cluster_expr,2.7130866050720215
ClusterC,GENE69,cluster_expr,2.7785449028015137
ClusterC,GENE70,cluster_expr,2.700376510620117
ClusterC,GENE71,cluster_expr,2.632869243621826
ClusterC,GENE72,cluster_expr,2.6515657901763916
ClusterC,GENE73,cluster_expr,2.8010201454162598
ClusterC,GENE74,cluster_expr,2.895209312438965
ClusterC,GENE75,cluster_expr,2.816098213195801
ClusterC,GENE76,cluster_expr,2.9000213146209717
ClusterC,GENE77,cluster_expr,2.835561513900757
ClusterC,GENE78,cluster_expr,2.7146096229553223
ClusterC,GENE79,cluster_expr,2.666959524154663
ClusterC,GENE80,cluster_expr,2.8000495433807373
ClusterC,GENE81,cluster_expr,2.7505199909210205
ClusterC,GENE82,cluster_expr,2.5483896732330322
ClusterC,GENE83,cluster_expr,2.7541744709014893
ClusterC,GENE84,cluster_expr,2.7314486503601074
ClusterC,GENE85,cluster_expr,2.791067600250244
ClusterC,GENE86,cluster_expr,2.8768279552459717
ClusterC,GENE87,cluster_expr,2.7069594860076904
ClusterC,GENE88,cluster_expr,2.875884771347046
ClusterC,GENE89,cluster_expr,2.748845100402832
ClusterC,GENE90,cluster_expr,2.5844063758850098
ClusterC,GENE91,cluster_expr,2.827249526977539
ClusterC,GENE92,cluster_expr,2.730750799179077
ClusterC,GENE93,cluster_expr,2.632615566253662
ClusterC,GENE94,cluster_expr,2.8276193141937256
ClusterC,GENE95,cluster_expr,2.701634168624878
ClusterC,GENE96,cluster_expr,2.877044439315796
ClusterC,GENE97,cluster_expr,2.6792101860046387
ClusterC,GENE98,cluster_expr,2.863107919692993
ClusterC,GENE99,cluster_expr,2.7119619846343994
ClusterC,GENE100,cluster_expr,3.0536041259765625
ClusterC,GENE101,cluster_expr,2.758366584777832
ClusterC,GENE102,cluster_expr,2.418673038482666
ClusterC,GENE103,cluster_expr,2.6456809043884277
ClusterC,GENE104,cluster_expr,2.772416353225708
ClusterC,GENE105,cluster_expr,2.6005609035491943
ClusterC,GENE106,cluster_expr,2.843931198120117
ClusterC,GENE107,cluster_expr,2.733802080154419
ClusterC,GENE108,cluster_expr,2.596392869949341
ClusterC,GENE109,cluster_expr,2.519984245300293
ClusterC,GENE110,cluster_expr,2.816530227661133
ClusterC,GENE111,cluster_expr,2.7025341987609863
ClusterC,GENE112,cluster_expr,2.7675888538360596
ClusterC,GENE113,cluster_expr,2.6954269409179688
ClusterC,GENE114,cluster_expr,2.7235326766967773
ClusterC,GENE115,cluster_expr,2.6863644123077393
ClusterC,GENE116,cluster_expr,2.934824228286743
ClusterC,GENE117,cluster_expr,2.5333251953125
ClusterC,GENE118,cluster_expr,2.791215419769287
ClusterC,GENE119,cluster_expr,2.644484281539917
ClusterC,GENE120,cluster_expr,2.441615104675293
ClusterC,GENE121,cluster_expr,2.725834846496582
ClusterC,GENE122,cluster_expr,2.6045212745666504
ClusterC,GENE123,cluster_expr,2.7415218353271484
ClusterC,GENE124,cluster_expr,2.802037239074707
ClusterC,GENE125,cluster_expr,2.7651472091674805
ClusterC,GENE126,cluster_expr,2.616231918334961
ClusterC,GENE127,cluster_expr,2.773984909057617
ClusterC,GENE128,cluster_expr,2.7899868488311768
ClusterC,GENE129,cluster_expr,2.733405828475952
ClusterC,GENE130,cluster_expr,2.6627349853515625
ClusterC,GENE131,cluster_expr,2.896597385406494
ClusterC,GENE132,cluster_expr,2.6602118015289307
ClusterC,GENE133,cluster_expr,2.7377734184265137
ClusterC,GENE134,cluster_expr,2.712764263153076
ClusterC,GENE135,cluster_expr,2.474581480026245
ClusterC,GENE136,cluster_expr,2.638723850250244
ClusterC,GENE137,cluster_expr,2.8026490211486816
ClusterC,GENE138,cluster_expr,2.8544270992279053
ClusterC,GENE139,cluster_expr,2.652376651763916
ClusterC,GENE140,cluster_expr,2.7780404090881348
ClusterC,GENE141,cluster_expr,2.661395311355591
ClusterC,GENE142,cluster_expr,2.910586357116699
ClusterC,GENE143,cluster_expr,2.6171514987945557
ClusterC,GENE144,cluster_expr,2.534867763519287
ClusterC,GENE145,cluster_expr,2.7076714038848877
ClusterC,GENE146,cluster_expr,2.654118537902832
ClusterC,GENE147,cluster_expr,2.738842487335205
ClusterC,GENE148,cluster_expr,2.5702462196350098
ClusterC,GENE149,cluster_expr,2.56343936920166
ClusterC,GENE150,cluster_expr,2.669863224029541
ClusterC,GENE151,cluster_expr,2.939910650253296
ClusterC,GENE152,cluster_expr,2.5647122859954834
ClusterC,GENE153,cluster_expr,2.645541191101074
ClusterC,GENE154,cluster_expr,2.4438624382019043
ClusterC,GENE155,cluster_expr,2.9809110164642334
ClusterC,GENE156,cluster_expr,2.646209716796875
ClusterC,GENE157,cluster_expr,2.719485282897949
ClusterC,GENE158,cluster_expr,2.6026742458343506
ClusterC,GENE159,cluster_expr,2.4661154747009277
ClusterC,GENE160,cluster_expr,2.6495742797851562
ClusterC,GENE161,cluster_expr,2.7663469314575195
ClusterC,GENE162,cluster_expr,2.5588061809539795
ClusterC,GENE163,cluster_expr,2.9573147296905518
ClusterC,GENE164,cluster_expr,2.9581046104431152
ClusterC,GENE165,cluster_expr,2.7306618690490723
ClusterC,GENE166,cluster_expr,2.7342424392700195
ClusterC,GENE167,cluster_expr,2.9036340713500977
ClusterC,GENE168,cluster_expr,2.7615530490875244
ClusterC,GENE169,cluster_expr,2.9951553344726562
ClusterC,GENE170,cluster_expr,2.683913230895996
ClusterC,GENE171,cluster_expr,2.614546537399292
ClusterC,GENE172,cluster_expr,2.7115883827209473
ClusterC,GENE173,cluster_expr,2.582977056503296
ClusterC,GENE174,cluster_expr,2.7965080738067627
ClusterC,GENE175,cluster_expr,2.6769182682037354
ClusterC,GENE176,cluster_expr,2.5373332500457764
ClusterC,GENE177,cluster_expr,2.70644474029541
ClusterC,GENE178,cluster_expr,2.722744941711426
ClusterC,GENE179,cluster_expr,2.6606228351593018
ClusterC,GENE180,cluster_expr,3.041895866394043
ClusterC,GENE181,cluster_expr,2.6589670181274414
ClusterC,GENE182,cluster_expr,2.520656108856201
ClusterC,GENE183,cluster_expr,2.7313857078552246
ClusterC,GENE184,cluster_expr,2.6687238216400146
ClusterC,GENE185,cluster_expr,2.716264009475708
ClusterC,GENE186,cluster_expr,2.6588003635406494
ClusterC,GENE187,cluster_expr,2.6764214038848877
ClusterC,GENE188,cluster_expr,2.5210301876068115
ClusterC,GENE189,cluster_expr,2.497622013092041
ClusterC,GENE190,cluster_expr,2.7568695545196533
ClusterC,GENE191,cluster_expr,2.7245049476623535
ClusterC,GENE192,cluster_expr,2.7772204875946045
ClusterC,GENE193,cluster_expr,2.6421172618865967
ClusterC,GENE194,cluster_expr,2.8989570140838623
ClusterC,GENE195,cluster_expr,2.7062158584594727
ClusterC,GENE196,cluster_expr,2.8160440921783447
ClusterC,GENE197,cluster_expr,2.648256540298462
ClusterC,GENE198,cluster_expr,2.8453612327575684
ClusterC,GENE199,cluster_expr,2.84027099609375
ClusterC,GENE200,cluster_expr,2.58160400390625
ClusterC,GENE201,cluster_expr,2.8046348094940186
ClusterC,GENE202,cluster_expr,2.5503735542297363
ClusterC,GENE203,cluster_expr,2.7516427040100098
ClusterC,GENE204,cluster_expr,2.8170230388641357
ClusterC,GENE205,cluster_expr,2.805037260055542
ClusterC,GENE206,cluster_expr,2.8246805667877197
ClusterC,GENE207,cluster_expr,2.688467502593994
ClusterC,GENE208,cluster_expr,2.780440330505371
ClusterC,GENE209,cluster_expr,2.6418802738189697
ClusterC,GENE210,cluster_expr,2.9034152030944824
ClusterC,GENE211,cluster_expr,2.7174670696258545
ClusterC,GENE212,cluster_expr,2.898467779159546
ClusterC,GENE213,cluster_expr,2.579677104949951
ClusterC,GENE214,cluster_expr,2.870938301086426
ClusterC,GENE215,cluster_expr,2.7221949100494385
ClusterC,GENE216,cluster_expr,2.716583013534546
ClusterC,GENE217,cluster_expr,2.6886839866638184
ClusterC,GENE218,cluster_expr,2.651421308517456
ClusterC,GENE219,cluster_expr,2.6145143508911133
ClusterC,GENE220,cluster_expr,2.5245747566223145
ClusterC,GENE221,cluster_expr,2.4792354106903076
ClusterC,GENE222,cluster_expr,2.825056552886963
ClusterC,GENE223,cluster_expr,2.508671522140503
ClusterC,GENE224,cluster_expr,2.7791788578033447
ClusterC,GENE225,cluster_expr,2.7133774757385254
ClusterC,GENE226,cluster_expr,2.7444543838500977
ClusterC,GENE227,cluster_expr,2.751922607421875
ClusterC,GENE228,cluster_expr,2.5054521560668945
ClusterC,GENE229,cluster_expr,2.885826349258423
ClusterC,GENE230,cluster_expr,2.681567668914795
ClusterC,GENE231,cluster_expr,2.654519557952881
ClusterC,GENE232,cluster_expr,2.665503740310669
ClusterC,GENE233,cluster_expr,2.544304132461548
ClusterC,GENE234,cluster_expr,2.6349196434020996
ClusterC,GENE235,cluster_expr,2.528325319290161
ClusterC,GENE236,cluster_expr,2.7688567638397217
ClusterC,GENE237,cluster_expr,2.665071487426758
ClusterC,GENE238,cluster_expr,2.7359509468078613
ClusterC,GENE239,cluster_expr,2.7411892414093018
ClusterC,GENE240,cluster_expr,2.608649492263794
ClusterC,GENE241,cluster_expr,2.7579641342163086
ClusterC,GENE242,cluster_expr,2.834421157836914
ClusterC,GENE243,cluster_expr,2.7263576984405518
ClusterC,GENE244,cluster_expr,2.719062089920044
ClusterC,GENE245,cluster_expr,2.5176830291748047
ClusterC,GENE246,cluster_expr,2.850323438644409
ClusterC,GENE247,cluster_expr,2.5936954021453857
ClusterC,GENE248,cluster_expr,2.784780263900757
ClusterC,GENE249,cluster_expr,2.8629584312438965
ClusterC,GENE250,cluster_expr,2.7093775272369385
ClusterC,GENE251,cluster_expr,2.689328908920288
ClusterC,GENE252,cluster_expr,2.648242235183716
ClusterC,GENE253,cluster_expr,2.725726842880249
ClusterC,GENE254,cluster_expr,2.6723968982696533
ClusterC,GENE255,cluster_expr,2.7076098918914795
ClusterC,GENE256,cluster_expr,2.6806201934814453
ClusterC,GENE257,cluster_expr,2.76442813873291
ClusterC,GENE258,cluster_expr,2.7039475440979004
ClusterC,GENE259,cluster_expr,2.7653820514678955
ClusterC,GENE260,cluster_expr,2.748718023300171
ClusterC,GENE261,cluster_expr,2.657313346862793
ClusterC,GENE262,cluster_expr,2.7231850624084473
ClusterC,GENE263,cluster_expr,2.719705104827881
ClusterC,GENE264,cluster_expr,2.700127601623535
ClusterC,GENE265,cluster_expr,2.671876907348633
ClusterC,GENE266,cluster_expr,2.769724130630493
ClusterC,GENE267,cluster_expr,2.6809635162353516
ClusterC,GENE268,cluster_expr,2.6561522483825684
ClusterC,GENE269,cluster_expr,2.7191431522369385
ClusterC,GENE270,cluster_expr,2.655522108078003
ClusterC,GENE271,cluster_expr,2.7261240482330322
ClusterC,GENE272,cluster_expr,2.7246897220611572
ClusterC,GENE273,cluster_expr,2.8029985427856445
ClusterC,GENE274,cluster_expr,2.855746269226074
ClusterC,GENE275,cluster_expr,2.8435895442962646
ClusterC,GENE276,cluster_expr,2.5948057174682617
ClusterC,GENE277,cluster_expr,2.759348154067993
ClusterC,GENE278,cluster_expr,2.716546058654785
ClusterC,GENE279,cluster_expr,2.700413227081299
ClusterC,GENE280,cluster_expr,2.7405991554260254
ClusterC,GENE281,cluster_expr,2.826754570007324
ClusterC,GENE282,cluster_expr,2.6835315227508545
ClusterC,GENE283,cluster_expr,2.6465346813201904
ClusterC,GENE284,cluster_expr,2.6940221786499023
ClusterC,GENE285,cluster_expr,2.685159921646118
ClusterC,GENE286,cluster_expr,2.4804000854492188
ClusterC,GENE287,cluster_expr,2.823777198791504
ClusterC,GENE288,cluster_expr,2.545774221420288
ClusterC,GENE289,cluster_expr,2.5451502799987793
ClusterC,GENE290,cluster_expr,2.5829076766967773
ClusterC,GENE291,cluster_expr,2.8845949172973633
ClusterC,GENE292,cluster_expr,2.6568243503570557
ClusterC,GENE293,cluster_expr,2.515211343765259
ClusterC,GENE294,cluster_expr,2.5400736331939697
ClusterC,GENE295,cluster_expr,2.566187858581543
ClusterC,GENE296,cluster_expr,2.8571581840515137
ClusterC,GENE297,cluster_expr,2.623232126235962
ClusterC,GENE298,cluster_expr,2.5935747623443604
ClusterC,GENE299,cluster_expr,2.714107036590576
GENE189,HP:0000000,gene_hpo,1.0
GENE123,HP:0000000,gene_hpo,1.0
GENE185,HP:0000000,gene_hpo,1.0
GENE213,HP:0000000,gene_hpo,1.0
GENE106,HP:0000000,gene_hpo,1.0
GENE127,HP:0000000,gene_hpo,1.0
GENE176,HP:0000000,gene_hpo,1.0
GENE73,HP:0000000,gene_hpo,1.0
GENE275,HP:0000000,gene_hpo,1.0
GENE242,HP:0000000,gene_hpo,1.0
GENE266,HP:0000000,gene_hpo,1.0
GENE147,HP:0000000,gene_hpo,1.0
GENE299,HP:0000000,gene_hpo,1.0
GENE58,HP:0000000,gene_hpo,1.0
GENE122,HP:0000000,gene_hpo,1.0
GENE233,HP:0000001,gene_hpo,1.0
GENE245,HP:0000001,gene_hpo,1.0
GENE103,HP:0000001,gene_hpo,1.0
GENE25,HP:0000001,gene_hpo,1.0
GENE197,HP:0000001,gene_hpo,1.0
GENE72,HP:0000001,gene_hpo,1.0
GENE192,HP:0000001,gene_hpo,1.0
GENE20,HP:0000001,gene_hpo,1.0
GENE237,HP:0000001,gene_hpo,1.0
GENE276,HP:0000001,gene_hpo,1.0
GENE195,HP:0000001,gene_hpo,1.0
GENE0,HP:0000001,gene_hpo,1.0
GENE35,HP:0000001,gene_hpo,1.0
GENE23,HP:0000001,gene_hpo,1.0
GENE152,HP:0000001,gene_hpo,1.0
GENE147,HP:0000002,gene_hpo,1.0
GENE34,HP:0000002,gene_hpo,1.0
GENE109,HP:0000002,gene_hpo,1.0
GENE81,HP:0000002,gene_hpo,1.0
GENE6,HP:0000002,gene_hpo,1.0
GENE198,HP:0000002,gene_hpo,1.0
GENE238,HP:0000002,gene_hpo,1.0
GENE111,HP:0000002,gene_hpo,1.0
GENE3,HP:0000002,gene_hpo,1.0
GENE123,HP:0000002,gene_hpo,1.0
GENE215,HP:0000002,gene_hpo,1.0
GENE167,HP:0000002,gene_hpo,1.0
GENE122,HP:0000002,gene_hpo,1.0
GENE180,HP:0000002,gene_hpo,1.0
GENE157,HP:0000002,gene_hpo,1.0
GENE12,HP:0000003,gene_hpo,1.0
GENE203,HP:0000003,gene_hpo,1.0
GENE286,HP:0000003,gene_hpo,1.0
GENE194,HP:0000003,gene_hpo,1.0
GENE240,HP:0000003,gene_hpo,1.0
GENE159,HP:0000003,gene_hpo,1.0
GENE208,HP:0000003,gene_hpo,1.0
GENE81,HP:0000003,gene_hpo,1.0
GENE221,HP:0000003,gene_hpo,1.0
GENE176,HP:0000003,gene_hpo,1.0
GENE49,HP:0000003,gene_hpo,1.0
GENE267,HP:0000003,gene_hpo,1.0
GENE100,HP:0000003,gene_hpo,1.0
GENE90,HP:0000003,gene_hpo,1.0
GENE169,HP:0000003,gene_hpo,1.0
GENE37,HP:0000004,gene_hpo,1.0
GENE235,HP:0000004,gene_hpo,1.0
GENE209,HP:0000004,gene_hpo,1.0
GENE227,HP:0000004,gene_hpo,1.0
GENE119,HP:0000004,gene_hpo,1.0
GENE11,HP:0000004,gene_hpo,1.0
GENE284,HP:0000004,gene_hpo,1.0
GENE123,HP:0000004,gene_hpo,1.0
GENE199,HP:0000004,gene_hpo,1.0
GENE86,HP:0000004,gene_hpo,1.0
GENE107,HP:0000004,gene_hpo,1.0
GENE157,HP:0000004,gene_hpo,1.0
GENE85,HP:0000004,gene_hpo,1.0
GENE138,HP:0000004,gene_hpo,1.0
GENE152,HP:0000004,gene_hpo,1.0
GENE227,HP:0000005,gene_hpo,1.0
GENE292,HP:0000005,gene_hpo,1.0
GENE255,HP:0000005,gene_hpo,1.0
GENE277,HP:0000005,gene_hpo,1.0
GENE97,HP:0000005,gene_hpo,1.0
GENE259,HP:0000005,gene_hpo,1.0
GENE170,HP:0000005,gene_hpo,1.0
GENE127,HP:0000005,gene_hpo,1.0
GENE239,HP:0000005,gene_hpo,1.0
GENE291,HP:0000005,gene_hpo,1.0
GENE212,HP:0000005,gene_hpo,1.0
GENE234,HP:0000005,gene_hpo,1.0
GENE270,HP:0000005,gene_hpo,1.0
GENE2,HP:0000005,gene_hpo,1.0
GENE54,HP:0000005,gene_hpo,1.0
GENE266,HP:0000006,gene_hpo,1.0
GENE278,HP:0000006,gene_hpo,1.0
GENE132,HP:0000006,gene_hpo,1.0
GENE242,HP:0000006,gene_hpo,1.0
GENE114,HP:0000006,gene_hpo,1.0
GENE109,HP:0000006,gene_hpo,1.0
GENE190,HP:0000006,gene_hpo,1.0
GENE117,HP:0000006,gene_hpo,1.0
GENE292,HP:0000006,gene_hpo,1.0
GENE279,HP:0000006,gene_hpo,1.0
GENE247,HP:0000006,gene_hpo,1.0
GENE173,HP:0000006,gene_hpo,1.0
GENE65,HP:0000006,gene_hpo,1.0
GENE208,HP:0000006,gene_hpo,1.0
GENE143,HP:0000006,gene_hpo,1.0
GENE121,HP:0000007,gene_hpo,1.0
GENE18,HP:0000007,gene_hpo,1.0
GENE86,HP:0000007,gene_hpo,1.0
GENE283,HP:0000007,gene_hpo,1.0
GENE58,HP:0000007,gene_hpo,1.0
GENE9,HP:0000007,gene_hpo,1.0
GENE187,HP:0000007,gene_hpo,1.0
GENE287,HP:0000007,gene_hpo,1.0
GENE36,HP:0000007,gene_hpo,1.0
GENE246,HP:0000007,gene_hpo,1.0
GENE142,HP:0000007,gene_hpo,1.0
GENE226,HP:0000007,gene_hpo,1.0
GENE282,HP:0000007,gene_hpo,1.0
GENE134,HP:0000007,gene_hpo,1.0
GENE31,HP:0000007,gene_hpo,1.0
GENE295,HP:0000008,gene_hpo,1.0
GENE201,HP:0000008,gene_hpo,1.0
GENE182,HP:0000008,gene_hpo,1.0
GENE264,HP:0000008,gene_hpo,1.0
GENE36,HP:0000008,gene_hpo,1.0
GENE245,HP:0000008,gene_hpo,1.0
GENE149,HP:0000008,gene_hpo,1.0
GENE215,HP:0000008,gene_hpo,1.0
GENE116,HP:0000008,gene_hpo,1.0
GENE239,HP:0000008,gene_hpo,1.0
GENE16,HP:0000008,gene_hpo,1.0
GENE62,HP:0000008,gene_hpo,1.0
GENE212,HP:0000008,gene_hpo,1.0
GENE28,HP:0000008,gene_hpo,1.0
GENE253,HP:0000008,gene_hpo,1.0
GENE84,HP:0000009,gene_hpo,1.0
GENE174,HP:0000009,gene_hpo,1.0
GENE67,HP:0000009,gene_hpo,1.0
GENE196,HP:0000009,gene_hpo,1.0
GENE269,HP:0000009,gene_hpo,1.0
GENE13,HP:0000009,gene_hpo,1.0
GENE267,HP:0000009,gene_hpo,1.0
GENE110,HP:0000009,gene_hpo,1.0
GENE113,HP:0000009,gene_hpo,1.0
GENE41,HP:0000009,gene_hpo,1.0
GENE14,HP:0000009,gene_hpo,1.0
GENE75,HP:0000009,gene_hpo,1.0
GENE26,HP:0000009,gene_hpo,1.0
GENE45,HP:0000009,gene_hpo,1.0
GENE215,HP:0000009,gene_hpo,1.0
GENE136,HP:0000010,gene_hpo,1.0
GENE51,HP:0000010,gene_hpo,1.0
GENE84,HP:0000010,gene_hpo,1.0
GENE222,HP:0000010,gene_hpo,1.0
GENE215,HP:0000010,gene_hpo,1.0
GENE1,HP:0000010,gene_hpo,1.0
GENE246,HP:0000010,gene_hpo,1.0
GENE132,HP:0000010,gene_hpo,1.0
GENE210,HP:0000010,gene_hpo,1.0
GENE10,HP:0000010,gene_hpo,1.0
GENE288,HP:0000010,gene_hpo,1.0
GENE296,HP:0000010,gene_hpo,1.0
GENE261,HP:0000010,gene_hpo,1.0
GENE281,HP:0000010,gene_hpo,1.0
GENE76,HP:0000010,gene_hpo,1.0
GENE295,HP:0000011,gene_hpo,1.0
GENE249,HP:0000011,gene_hpo,1.0
GENE87,HP:0000011,gene_hpo,1.0
GENE200,HP:0000011,gene_hpo,1.0
GENE235,HP:0000011,gene_hpo,1.0
GENE269,HP:0000011,gene_hpo,1.0
GENE132,HP:0000011,gene_hpo,1.0
GENE246,HP:0000011,gene_hpo,1.0
GENE157,HP:0000011,gene_hpo,1.0
GENE119,HP:0000011,gene_hpo,1.0
GENE274,HP:0000011,gene_hpo,1.0
GENE148,HP:0000011,gene_hpo,1.0
GENE30,HP:0000011,gene_hpo,1.0
GENE23,HP:0000011,gene_hpo,1.0
GENE56,HP:0000011,gene_hpo,1.0
GENE114,HP:0000012,gene_hpo,1.0
GENE161,HP:0000012,gene_hpo,1.0
GENE138,HP:0000012,gene_hpo,1.0
GENE192,HP:0000012,gene_hpo,1.0
GENE97,HP:0000012,gene_hpo,1.0
GENE296,HP:0000012,gene_hpo,1.0
GENE293,HP:0000012,gene_hpo,1.0
GENE77,HP:0000012,gene_hpo,1.0
GENE149,HP:0000012,gene_hpo,1.0
GENE110,HP:0000012,gene_hpo,1.0
GENE270,HP:0000012,gene_hpo,1.0
GENE48,HP:0000012,gene_hpo,1.0
GENE21,HP:0000012,gene_hpo,1.0
GENE203,HP:0000012,gene_hpo,1.0
GENE112,HP:0000012,gene_hpo,1.0
GENE21,HP:0000013,gene_hpo,1.0
GENE266,HP:0000013,gene_hpo,1.0
GENE194,HP:0000013,gene_hpo,1.0
GENE193,HP:0000013,gene_hpo,1.0
GENE231,HP:0000013,gene_hpo,1.0
GENE236,HP:0000013,gene_hpo,1.0
GENE81,HP:0000013,gene_hpo,1.0
GENE80,HP:0000013,gene_hpo,1.0
GENE17,HP:0000013,gene_hpo,1.0
GENE206,HP:0000013,gene_hpo,1.0
GENE291,HP:0000013,gene_hpo,1.0
GENE163,HP:0000013,gene_hpo,1.0
GENE218,HP:0000013,gene_hpo,1.0
GENE42,HP:0000013,gene_hpo,1.0
GENE175,HP:0000013,gene_hpo,1.0
GENE271,HP:0000014,gene_hpo,1.0
GENE256,HP:0000014,gene_hpo,1.0
GENE138,HP:0000014,gene_hpo,1.0
GENE295,HP:0000014,gene_hpo,1.0
GENE52,HP:0000014,gene_hpo,1.0
GENE44,HP:0000014,gene_hpo,1.0
GENE103,HP:0000014,gene_hpo,1.0
GENE92,HP:0000014,gene_hpo,1.0
GENE66,HP:0000014,gene_hpo,1.0
GENE286,HP:0000014,gene_hpo,1.0
GENE178,HP:0000014,gene_hpo,1.0
GENE49,HP:0000014,gene_hpo,1.0
GENE220,HP:0000014,gene_hpo,1.0
GENE98,HP:0000014,gene_hpo,1.0
GENE175,HP:0000014,gene_hpo,1.0
GENE41,HP:0000015,gene_hpo,1.0
GENE111,HP:0000015,gene_hpo,1.0
GENE232,HP:0000015,gene_hpo,1.0
GENE159,HP:0000015,gene_hpo,1.0
GENE136,HP:0000015,gene_hpo,1.0
GENE1,HP:0000015,gene_hpo,1.0
GENE148,HP:0000015,gene_hpo,1.0
GENE76,HP:0000015,gene_hpo,1.0
GENE233,HP:0000015,gene_hpo,1.0
GENE29,HP:0000015,gene_hpo,1.0
GENE38,HP:0000015,gene_hpo,1.0
GENE270,HP:0000015,gene_hpo,1.0
GENE147,HP:0000015,gene_hpo,1.0
GENE219,HP:0000015,gene_hpo,1.0
GENE285,HP:0000015,gene_hpo,1.0
GENE279,HP:0000016,gene_hpo,1.0
GENE101,HP:0000016,gene_hpo,1.0
GENE266,HP:0000016,gene_hpo,1.0
GENE155,HP:0000016,gene_hpo,1.0
GENE82,HP:0000016,gene_hpo,1.0
GENE298,HP:0000016,gene_hpo,1.0
GENE212,HP:0000016,gene_hpo,1.0
GENE292,HP:0000016,gene_hpo,1.0
GENE45,HP:0000016,gene_hpo,1.0
GENE32,HP:0000016,gene_hpo,1.0
GENE239,HP:0000016,gene_hpo,1.0
GENE250,HP:0000016,gene_hpo,1.0
GENE129,HP:0000016,gene_hpo,1.0
GENE162,HP:0000016,gene_hpo,1.0
GENE160,HP:0000016,gene_hpo,1.0
GENE102,HP:0000017,gene_hpo,1.0
GENE4,HP:0000017,gene_hpo,1.0
GENE68,HP:0000017,gene_hpo,1.0
GENE177,HP:0000017,gene_hpo,1.0
GENE31,HP:0000017,gene_hpo,1.0
GENE247,HP:0000017,gene_hpo,1.0
GENE253,HP:0000017,gene_hpo,1.0
GENE74,HP:0000017,gene_hpo,1.0
GENE170,HP:0000017,gene_hpo,1.0
GENE156,HP:0000017,gene_hpo,1.0
GENE219,HP:0000017,gene_hpo,1.0
GENE223,HP:0000017,gene_hpo,1.0
GENE173,HP:0000017,gene_hpo,1.0
GENE222,HP:0000017,gene_hpo,1.0
GENE194,HP:0000017,gene_hpo,1.0
GENE68,HP:0000018,gene_hpo,1.0
GENE154,HP:0000018,gene_hpo,1.0
GENE233,HP:0000018,gene_hpo,1.0
GENE232,HP:0000018,gene_hpo,1.0
GENE76,HP:0000018,gene_hpo,1.0
GENE192,HP:0000018,gene_hpo,1.0
GENE266,HP:0000018,gene_hpo,1.0
GENE276,HP:0000018,gene_hpo,1.0
GENE243,HP:0000018,gene_hpo,1.0
GENE100,HP:0000018,gene_hpo,1.0
GENE29,HP:0000018,gene_hpo,1.0
GENE157,HP:0000018,gene_hpo,1.0
GENE99,HP:0000018,gene_hpo,1.0
GENE228,HP:0000018,gene_hpo,1.0
GENE231,HP:0000018,gene_hpo,1.0
GENE39,HP:0000019,gene_hpo,1.0
GENE102,HP:0000019,gene_hpo,1.0
GENE233,HP:0000019,gene_hpo,1.0
GENE298,HP:0000019,gene_hpo,1.0
GENE9,HP:0000019,gene_hpo,1.0
GENE201,HP:0000019,gene_hpo,1.0
GENE282,HP:0000019,gene_hpo,1.0
GENE265,HP:0000019,gene_hpo,1.0
GENE286,HP:0000019,gene_hpo,1.0
GENE209,HP:0000019,gene_hpo,1.0
GENE13,HP:0000019,gene_hpo,1.0
GENE249,HP:0000019,gene_hpo,1.0
GENE263,HP:0000019,gene_hpo,1.0
GENE213,HP:0000019,gene_hpo,1.0
GENE248,HP:0000019,gene_hpo,1.0
GENE40,HP:0000020,gene_hpo,1.0
GENE8,HP:0000020,gene_hpo,1.0
GENE195,HP:0000020,gene_hpo,1.0
GENE289,HP:0000020,gene_hpo,1.0
GENE46,HP:0000020,gene_hpo,1.0
GENE251,HP:0000020,gene_hpo,1.0
GENE116,HP:0000020,gene_hpo,1.0
GENE217,HP:0000020,gene_hpo,1.0
GENE239,HP:0000020,gene_hpo,1.0
GENE14,HP:0000020,gene_hpo,1.0
GENE31,HP:0000020,gene_hpo,1.0
GENE259,HP:0000020,gene_hpo,1.0
GENE65,HP:0000020,gene_hpo,1.0
GENE241,HP:0000020,gene_hpo,1.0
GENE240,HP:0000020,gene_hpo,1.0
GENE284,HP:0000021,gene_hpo,1.0
GENE56,HP:0000021,gene_hpo,1.0
GENE0,HP:0000021,gene_hpo,1.0
GENE88,HP:0000021,gene_hpo,1.0
GENE228,HP:0000021,gene_hpo,1.0
GENE125,HP:0000021,gene_hpo,1.0
GENE41,HP:0000021,gene_hpo,1.0
GENE150,HP:0000021,gene_hpo,1.0
GENE274,HP:0000021,gene_hpo,1.0
GENE39,HP:0000021,gene_hpo,1.0
GENE214,HP:0000021,gene_hpo,1.0
GENE216,HP:0000021,gene_hpo,1.0
GENE248,HP:0000021,gene_hpo,1.0
GENE266,HP:0000021,gene_hpo,1.0
GENE198,HP:0000021,gene_hpo,1.0
GENE264,HP:0000022,gene_hpo,1.0
GENE13,HP:0000022,gene_hpo,1.0
GENE69,HP:0000022,gene_hpo,1.0
GENE230,HP:0000022,gene_hpo,1.0
GENE145,HP:0000022,gene_hpo,1.0
GENE80,HP:0000022,gene_hpo,1.0
GENE187,HP:0000022,gene_hpo,1.0
GENE259,HP:0000022,gene_hpo,1.0
GENE127,HP:0000022,gene_hpo,1.0
GENE58,HP:0000022,gene_hpo,1.0
GENE52,HP:0000022,gene_hpo,1.0
GENE147,HP:0000022,gene_hpo,1.0
GENE63,HP:0000022,gene_hpo,1.0
GENE168,HP:0000022,gene_hpo,1.0
GENE2,HP:0000022,gene_hpo,1.0
GENE207,HP:0000023,gene_hpo,1.0
GENE241,HP:0000023,gene_hpo,1.0
GENE13,HP:0000023,gene_hpo,1.0
GENE6,HP:0000023,gene_hpo,1.0
GENE110,HP:0000023,gene_hpo,1.0
GENE146,HP:0000023,gene_hpo,1.0
GENE102,HP:0000023,gene_hpo,1.0
GENE14,HP:0000023,gene_hpo,1.0
GENE291,HP:0000023,gene_hpo,1.0
GENE40,HP:0000023,gene_hpo,1.0
GENE152,HP:0000023,gene_hpo,1.0
GENE43,HP:0000023,gene_hpo,1.0
GENE235,HP:0000023,gene_hpo,1.0
GENE174,HP:0000023,gene_hpo,1.0
GENE75,HP:0000023,gene_hpo,1.0
GENE58,HP:0000024,gene_hpo,1.0
GENE86,HP:0000024,gene_hpo,1.0
GENE282,HP:0000024,gene_hpo,1.0
GENE215,HP:0000024,gene_hpo,1.0
GENE253,HP:0000024,gene_hpo,1.0
GENE270,HP:0000024,gene_hpo,1.0
GENE273,HP:0000024,gene_hpo,1.0
GENE252,HP:0000024,gene_hpo,1.0
GENE37,HP:0000024,gene_hpo,1.0
GENE239,HP:0000024,gene_hpo,1.0
GENE164,HP:0000024,gene_hpo,1.0
GENE40,HP:0000024,gene_hpo,1.0
GENE202,HP:0000024,gene_hpo,1.0
GENE297,HP:0000024,gene_hpo,1.0
GENE208,HP:0000024,gene_hpo,1.0
GENE230,HP:0000025,gene_hpo,1.0
GENE247,HP:0000025,gene_hpo,1.0
GENE246,HP:0000025,gene_hpo,1.0
GENE215,HP:0000025,gene_hpo,1.0
GENE297,HP:0000025,gene_hpo,1.0
GENE65,HP:0000025,gene_hpo,1.0
GENE92,HP:0000025,gene_hpo,1.0
GENE9,HP:0000025,gene_hpo,1.0
GENE264,HP:0000025,gene_hpo,1.0
GENE197,HP:0000025,gene_hpo,1.0
GENE8,HP:0000025,gene_hpo,1.0
GENE25,HP:0000025,gene_hpo,1.0
GENE59,HP:0000025,gene_hpo,1.0
GENE17,HP:0000025,gene_hpo,1.0
GENE258,HP:0000025,gene_hpo,1.0
GENE155,HP:0000026,gene_hpo,1.0
GENE249,HP:0000026,gene_hpo,1.0
GENE180,HP:0000026,gene_hpo,1.0
GENE167,HP:0000026,gene_hpo,1.0
GENE23,HP:0000026,gene_hpo,1.0
GENE62,HP:0000026,gene_hpo,1.0
GENE211,HP:0000026,gene_hpo,1.0
GENE274,HP:0000026,gene_hpo,1.0
GENE286,HP:0000026,gene_hpo,1.0
GENE245,HP:0000026,gene_hpo,1.0
GENE270,HP:0000026,gene_hpo,1.0
GENE278,HP:0000026,gene_hpo,1.0
GENE290,HP:0000026,gene_hpo,1.0
GENE40,HP:0000026,gene_hpo,1.0
GENE262,HP:0000026,gene_hpo,1.0
GENE56,HP:0000027,gene_hpo,1.0
GENE212,HP:0000027,gene_hpo,1.0
GENE260,HP:0000027,gene_hpo,1.0
GENE34,HP:0000027,gene_hpo,1.0
GENE255,HP:0000027,gene_hpo,1.0
GENE178,HP:0000027,gene_hpo,1.0
GENE30,HP:0000027,gene_hpo,1.0
GENE132,HP:0000027,gene_hpo,1.0
GENE269,HP:0000027,gene_hpo,1.0
GENE296,HP:0000027,gene_hpo,1.0
GENE53,HP:0000027,gene_hpo,1.0
GENE81,HP:0000027,gene_hpo,1.0
GENE245,HP:0000027,gene_hpo,1.0
GENE92,HP:0000027,gene_hpo,1.0
GENE200,HP:0000027,gene_hpo,1.0
GENE294,HP:0000028,gene_hpo,1.0
GENE264,HP:0000028,gene_hpo,1.0
GENE147,HP:0000028,gene_hpo,1.0
GENE238,HP:0000028,gene_hpo,1.0
GENE159,HP:0000028,gene_hpo,1.0
GENE59,HP:0000028,gene_hpo,1.0
GENE46,HP:0000028,gene_hpo,1.0
GENE45,HP:0000028,gene_hpo,1.0
GENE89,HP:0000028,gene_hpo,1.0
GENE101,HP:0000028,gene_hpo,1.0
GENE123,HP:0000028,gene_hpo,1.0
GENE275,HP:0000028,gene_hpo,1.0
GENE43,HP:0000028,gene_hpo,1.0
GENE250,HP:0000028,gene_hpo,1.0
GENE241,HP:0000028,gene_hpo,1.0
GENE12,HP:0000029,gene_hpo,1.0
GENE81,HP:0000029,gene_hpo,1.0
GENE240,HP:0000029,gene_hpo,1.0
GENE277,HP:0000029,gene_hpo,1.0
GENE53,HP:0000029,gene_hpo,1.0
GENE18,HP:0000029,gene_hpo,1.0
GENE148,HP:0000029,gene_hpo,1.0
GENE294,HP:0000029,gene_hpo,1.0
GENE228,HP:0000029,gene_hpo,1.0
GENE0,HP:0000029,gene_hpo,1.0
GENE283,HP:0000029,gene_hpo,1.0
GENE216,HP:0000029,gene_hpo,1.0
GENE79,HP:0000029,gene_hpo,1.0
GENE252,HP:0000029,gene_hpo,1.0
GENE68,HP:0000029,gene_hpo,1.0
