leiden,gene,mean_expr,pct_expr
0,MUC5AC,-0.814822,6.651119
0,MUC5B,-0.30120417,0.19589554
0,MUC2,-0.31938794,0.12126865
0,BPIFB1,-1.033805,8.162313
0,PIGR,-0.83491254,27.052238
0,AGR2,-0.708489,24.54291
0,CLCA1,-0.038515694,0.018656716
0,TFF3,-0.57203454,4.1791043
0,SCGB1A1,-0.5241579,13.973882
0,SCGB3A1,-0.5335109,14.365671
0,SCGB3A2,-0.0099850735,0.009328358
0,SLPI,-0.30603915,35.6903
0,WFDC2,-0.04677363,53.880596
0,MSMB,-0.3486197,35.699627
0,VMO1,-0.5866505,33.00373
0,LCN2,-0.44332597,34.84142
0,SAA1,-0.45217875,4.477612
0,SAA2,-0.3587175,3.1623132
0,IL8,-0.14737408,0.92350745
0,CXCL1,-0.43520036,4.664179
0,CXCL2,-0.20578444,0.7742537
0,DUOX2,-0.16659176,23.041044
0,DUOXA2,-0.19206771,10.046641
0,S100A8,0.82044446,53.227608
0,S100A9,0.6352067,67.42537
0,IFI27,0.15619428,64.906715
0,IFITM3,0.19387224,63.731342
0,FOS,-0.6689003,12.313433
0,JUN,-0.6387408,18.17164
0,ATF3,-0.3903343,1.7817163
0,DUSP1,-0.51483,19.309702
0,IER2,-0.5259563,25.634327
0,HSPA1A,-0.37669936,22.10821
0,CD74,0.33091116,71.56717
0,HLA-DRA,-0.16255935,44.4403
0,HLA-DRB1,-0.22193548,34.608208
0,HLA-DPA1,-0.29347485,9.048508
0,MMP7,-0.09871351,2.2574627
0,PIP,-0.13032067,3.06903
0,TCN1,0.4156644,38.143654
0,CLU,-0.284404,36.576492
0,MALAT1,0.60514396,95.61568
0,XIST,-0.35490245,13.7873125
0,HBB,0.08820981,9.785448
0,HBA2,-0.14816593,0.44776118
1,MUC5AC,0.38866177,63.45966
1,MUC5B,-0.0849057,5.611247
1,MUC2,0.13705416,13.581907
1,BPIFB1,0.11878283,60.709045
1,PIGR,0.40221286,72.713936
1,AGR2,-0.38230643,44.608803
1,CLCA1,-0.013640739,0.26894867
1,TFF3,-0.030421,27.432764
1,SCGB1A1,-0.26195705,31.992664
1,SCGB3A1,-0.07779521,35.220047
1,SCGB3A2,-0.010918928,0.0
1,SLPI,-0.24892811,41.173595
1,WFDC2,-0.17933907,46.797066
1,MSMB,-0.1953994,46.76039
1,VMO1,-0.2180884,52.139366
1,LCN2,0.05833676,60.525673
1,SAA1,-0.16332597,15.256723
1,SAA2,-0.19176894,8.01956
1,IL8,-0.120529234,1.1002445
1,CXCL1,-0.12736727,15.061125
1,CXCL2,-0.13244961,1.992665
1,DUOX2,-0.022116313,20.586798
1,DUOXA2,-0.12309452,9.08313
1,S100A8,-0.1084344,17.640587
1,S100A9,-0.46658495,17.726162
1,IFI27,-0.5898265,39.53545
1,IFITM3,-0.33078375,35.342297
1,FOS,-0.47603565,20.12225
1,JUN,-0.47658068,22.02934
1,ATF3,-0.29829872,4.3154035
1,DUSP1,-0.4512894,17.176039
1,IER2,-0.48145702,21.870415
1,HSPA1A,-0.41047698,14.706601
1,CD74,-0.093122445,56.650364
1,HLA-DRA,-0.39939284,26.821514
1,HLA-DRB1,-0.26834425,23.545233
1,HLA-DPA1,-0.15873627,11.198044
1,MMP7,-0.10470234,1.5525672
1,PIP,-0.07912601,3.1173594
1,TCN1,-0.10644294,14.633252
1,CLU,-0.25096336,31.491444
1,MALAT1,-0.21845214,51.760395
1,XIST,0.10625855,26.78484
1,HBB,0.59336156,15.427873
1,HBA2,-0.037209768,1.9804401
2,MUC5AC,-0.32637972,26.832882
2,MUC5B,-0.07779153,9.158233
2,MUC2,0.3692372,31.115774
2,BPIFB1,-0.26264465,37.299435
2,PIGR,0.15976523,66.35399
2,AGR2,-0.23766449,36.102196
2,CLCA1,-0.035366688,0.06171316
2,TFF3,0.3432225,48.716366
2,SCGB1A1,-0.17878275,30.634413
2,SCGB3A1,-0.42910945,16.255245
2,SCGB3A2,-0.010918928,0.0
2,SLPI,-0.19882011,36.274994
2,WFDC2,-0.017193178,51.666252
2,MSMB,-0.48236015,23.50037
2,VMO1,-0.6640893,19.995064
2,LCN2,-0.06303716,49.8272
2,SAA1,-0.23048875,22.488276
2,SAA2,-0.16679806,16.18119
2,IL8,-0.18152472,0.024685264
2,CXCL1,0.016077196,29.140953
2,CXCL2,-0.108133756,4.8136263
2,DUOX2,-0.30062768,21.130585
2,DUOXA2,-0.31759116,6.7514195
2,S100A8,-0.31810862,12.354975
2,S100A9,-0.24843374,30.214764
2,IFI27,0.5340181,81.85633
2,IFITM3,0.40217152,70.39003
2,FOS,0.006553427,45.07529
2,JUN,0.20144951,60.738087
2,ATF3,-0.17937139,13.255986
2,DUSP1,0.07061127,47.679585
2,IER2,0.1794178,59.540855
2,HSPA1A,-0.1122076,42.80425
2,CD74,0.9220421,91.31079
2,HLA-DRA,0.64996254,81.25154
2,HLA-DRB1,0.75191677,79.671684
2,HLA-DPA1,0.8101852,60.540604
2,MMP7,-0.016143197,5.6158977
2,PIP,-0.2168652,1.3576895
2,TCN1,-0.26306742,18.871883
2,CLU,-0.36996475,30.301159
2,MALAT1,-1.330581,2.0859048
2,XIST,-0.0880628,34.744507
2,HBB,-0.23193453,2.0982475
2,HBA2,-0.07477369,2.6289806
3,MUC5AC,0.5862194,74.47819
3,MUC5B,-0.21584839,4.5869265
3,MUC2,0.28019857,30.946133
3,BPIFB1,0.17206332,61.21735
3,PIGR,0.357369,77.97775
3,AGR2,-0.04404978,46.944134
3,CLCA1,-0.03903197,0.024996875
3,TFF3,-0.06583164,32.270966
3,SCGB1A1,-0.50644726,12.623422
3,SCGB3A1,-0.36530274,19.822521
3,SCGB3A2,-0.010918928,0.0
3,SLPI,-0.10206758,43.34458
3,WFDC2,0.44693312,82.802155
3,MSMB,-0.3503702,32.55843
3,VMO1,0.316323,69.153854
3,LCN2,0.79285103,88.313965
3,SAA1,0.426167,50.531185
3,SAA2,0.30130112,38.73266
3,IL8,-0.18145616,0.024996875
3,CXCL1,0.06664865,30.408699
3,CXCL2,0.13307877,11.711037
3,DUOX2,0.887356,70.66616
3,DUOXA2,0.8644922,52.105988
3,S100A8,0.06434352,31.621048
3,S100A9,0.047985163,44.70691
3,IFI27,0.39387992,76.340454
3,IFITM3,0.5519773,79.79002
3,FOS,-0.012823055,42.19473
3,JUN,-0.06324299,45.14436
3,ATF3,0.01917609,25.546806
3,DUSP1,0.3018264,56.442947
3,IER2,0.18982236,58.767654
3,HSPA1A,0.1434115,55.993004
3,CD74,0.5216839,75.65304
3,HLA-DRA,0.19618669,60.392452
3,HLA-DRB1,0.47401842,67.10411
3,HLA-DPA1,0.3008241,42.007248
3,MMP7,-0.060863324,5.1493564
3,PIP,0.037594184,11.861017
3,TCN1,-0.16250819,25.19685
3,CLU,-0.25094005,34.758156
3,MALAT1,-1.359145,0.7374078
3,XIST,-0.008708229,39.945007
3,HBB,-0.21944894,3.337083
3,HBA2,-0.07764809,3.0496187
4,MUC5AC,0.36038426,67.24376
4,MUC5B,-0.26856795,2.2456403
4,MUC2,-0.3227598,0.0
4,BPIFB1,-0.0140386,49.68009
4,PIGR,0.32450476,71.07013
4,AGR2,0.032673936,52.741188
4,CLCA1,-0.0403889,0.0
4,TFF3,-0.1922424,25.015682
4,SCGB1A1,-0.25168958,26.884958
4,SCGB3A1,0.17118771,50.031364
4,SCGB3A2,-0.010918928,0.0
4,SLPI,-0.16897005,41.83917
4,WFDC2,0.22805327,73.253044
4,MSMB,0.45546883,68.97504
4,VMO1,0.5303393,79.01141
4,LCN2,0.32962853,70.60594
4,SAA1,0.23568025,46.33045
4,SAA2,0.25246206,36.770794
4,IL8,0.38896206,16.848576
4,CXCL1,-0.0130084,29.632416
4,CXCL2,0.0708126,10.600928
4,DUOX2,0.3645089,56.27901
4,DUOXA2,0.14192739,31.551876
4,S100A8,-0.063637644,29.594782
4,S100A9,0.23764218,52.440094
4,IFI27,0.8469737,92.27198
4,IFITM3,-0.080285065,49.54209
4,FOS,-0.44446653,20.3864
4,JUN,-0.37858889,24.225317
4,ATF3,-0.09286466,20.260946
4,DUSP1,-0.26028365,31.79024
4,IER2,-0.2419294,36.44461
4,HSPA1A,-0.19704752,39.856983
4,CD74,0.266625,69.41412
4,HLA-DRA,0.47515643,69.56467
4,HLA-DRB1,0.42490608,65.07339
4,HLA-DPA1,0.0987531,35.089703
4,MMP7,-0.07696307,4.579099
4,PIP,0.20345527,15.518756
4,TCN1,0.043075796,35.578976
4,CLU,-0.19232036,39.6688
4,MALAT1,0.8341712,96.44963
4,XIST,0.40434626,54.94919
4,HBB,0.12545231,20.687492
4,HBA2,0.025324706,5.595283
5,MUC5AC,-0.044917792,45.34177
5,MUC5B,-0.21698621,3.1898732
5,MUC2,0.07838919,15.278481
5,BPIFB1,0.2432312,63.658226
5,PIGR,0.22895052,70.93671
5,AGR2,0.5391287,79.215195
5,CLCA1,0.1324398,1.7974684
5,TFF3,-0.33337173,19.772152
5,SCGB1A1,-0.24377301,27.734179
5,SCGB3A1,-0.52084905,15.354431
5,SCGB3A2,-0.010918928,0.0
5,SLPI,-0.27135745,31.759495
5,WFDC2,-0.635656,12.0
5,MSMB,0.21642557,59.607594
5,VMO1,-0.6255706,22.70886
5,LCN2,-0.37790334,36.481014
5,SAA1,-0.34183404,12.012658
5,SAA2,-0.3374845,4.708861
5,IL8,-0.1826184,0.0
5,CXCL1,-0.06801033,21.873417
5,CXCL2,-0.15456295,2.278481
5,DUOX2,-0.03967017,23.506329
5,DUOXA2,-0.400786,1.050633
5,S100A8,-0.3792357,8.92405
5,S100A9,-0.3922351,24.70886
5,IFI27,-0.8517435,13.481012
5,IFITM3,-0.4134797,36.78481
5,FOS,0.21302374,53.012657
5,JUN,-0.08061296,46.151897
5,ATF3,-0.24438041,10.240506
5,DUSP1,-0.061793413,42.58228
5,IER2,-0.314131,37.97468
5,HSPA1A,0.6007355,68.72152
5,CD74,-0.40537545,32.70886
5,HLA-DRA,-0.2187081,43.215187
5,HLA-DRB1,-0.6646399,12.696202
5,HLA-DPA1,-0.46503267,2.3670886
5,MMP7,0.036121007,5.392405
5,PIP,-0.0027217113,6.607595
5,TCN1,0.12185546,30.64557
5,CLU,0.17435978,54.949368
5,MALAT1,0.024270633,52.1519
5,XIST,-0.6339933,0.278481
5,HBB,-0.26048967,0.29113925
5,HBA2,-0.1609824,0.278481
6,MUC5AC,-0.23500274,26.765114
6,MUC5B,-0.027392002,12.674973
6,MUC2,-0.32232997,0.046146747
6,BPIFB1,-0.35030976,14.828488
6,PIGR,-0.57093036,15.79757
6,AGR2,-0.6918484,13.936317
6,CLCA1,-0.0403889,0.0
6,TFF3,-0.018515786,48.069527
6,SCGB1A1,-0.12452514,34.517765
6,SCGB3A1,-0.05353277,54.13013
6,SCGB3A2,-0.009379024,0.015382249
6,SLPI,-1.6634511,10.644516
6,WFDC2,-1.9600595,16.028303
6,MSMB,-0.10649257,21.55053
6,VMO1,-0.46222174,16.61283
6,LCN2,-0.29229292,22.750347
6,SAA1,1.2359848,83.54099
6,SAA2,1.5934603,75.034615
6,IL8,0.17530942,10.475311
6,CXCL1,0.79507,63.036453
6,CXCL2,0.68442845,24.334719
6,DUOX2,0.26750678,51.06907
6,DUOXA2,0.39235806,40.686047
6,S100A8,0.5576283,69.80464
6,S100A9,0.7082471,89.50931
6,IFI27,0.16707855,47.0543
6,IFITM3,0.46279153,85.97139
6,FOS,-0.1335292,50.56145
6,JUN,0.06748137,64.42086
6,ATF3,0.2530774,33.45639
6,DUSP1,-0.09243571,45.30072
6,IER2,0.087303035,65.574524
6,HSPA1A,-0.031471398,44.208584
6,CD74,-0.099652566,24.48854
6,HLA-DRA,0.68864053,91.601295
6,HLA-DRB1,0.8042252,88.92478
6,HLA-DPA1,0.7753872,57.52961
6,MMP7,0.32771248,12.428858
6,PIP,0.27761835,14.890017
6,TCN1,0.4766527,51.838177
6,CLU,0.03980304,65.09768
6,MALAT1,-0.26066837,23.904015
6,XIST,0.62064993,67.11275
6,HBB,0.33940673,27.534225
6,HBA2,0.2395691,8.983233
7,MUC5AC,-0.21218246,36.46366
7,MUC5B,-0.04530355,8.941577
7,MUC2,-0.32234448,0.0154966675
7,BPIFB1,0.30401766,68.49527
7,PIGR,-0.30658627,45.188286
7,AGR2,0.75136364,90.40756
7,CLCA1,-0.0403889,0.0
7,TFF3,0.53755397,54.207344
7,SCGB1A1,0.95124584,83.66651
7,SCGB3A1,0.55453336,69.84348
7,SCGB3A2,-0.010918928,0.0
7,SLPI,0.86188036,91.6473
7,WFDC2,1.1502522,94.91709
7,MSMB,0.678569,77.04943
7,VMO1,0.6066821,82.19433
7,LCN2,-0.6501578,22.687122
7,SAA1,-0.48013052,2.432977
7,SAA2,-0.40222204,0.92980003
7,IL8,-0.17964529,0.10847668
7,CXCL1,-0.22051866,12.505812
7,CXCL2,-0.17438994,1.2087401
7,DUOX2,-0.52999616,2.5724468
7,DUOXA2,-0.39612627,0.77483344
7,S100A8,-0.34489948,7.670851
7,S100A9,-0.08088114,34.030685
7,IFI27,-0.53138477,35.95227
7,IFITM3,-0.48894778,35.44088
7,FOS,0.8196083,77.94824
7,JUN,0.7133445,71.65659
7,ATF3,0.13944054,19.479313
7,DUSP1,0.45440376,55.896484
7,IER2,0.6058477,64.74508
7,HSPA1A,0.95506996,58.51542
7,CD74,-1.0802778,12.428328
7,HLA-DRA,-0.60264456,22.191229
7,HLA-DRB1,-0.68193805,8.926081
7,HLA-DPA1,-0.42790204,2.8823802
7,MMP7,-0.066540256,2.2315202
7,PIP,-0.16531724,1.5806602
7,TCN1,-0.099180266,16.147528
7,CLU,0.41918746,63.148922
7,MALAT1,0.954948,98.96172
7,XIST,0.8570572,59.941113
7,HBB,-0.25643295,0.38741672
7,HBA2,-0.15293555,0.32543004
8,MUC5AC,0.111804634,52.91848
8,MUC5B,-0.28598747,1.0902381
8,MUC2,-0.2567554,3.3545787
8,BPIFB1,-0.18804662,45.48809
8,PIGR,-0.05278496,56.088562
8,AGR2,-0.37576985,35.424355
8,CLCA1,-0.03870484,0.016772896
8,TFF3,-0.4456296,12.210668
8,SCGB1A1,-0.55990726,11.640389
8,SCGB3A1,-0.31126454,26.383764
8,SCGB3A2,-0.010918928,0.0
8,SLPI,-0.040619142,52.935253
8,WFDC2,0.42780465,79.704796
8,MSMB,-0.17800227,44.817177
8,VMO1,0.34351933,71.83831
8,LCN2,0.86033875,92.30125
8,SAA1,0.2852499,37.034554
8,SAA2,0.3097531,29.956392
8,IL8,0.04095839,5.9543777
8,CXCL1,-0.075143285,19.64106
8,CXCL2,0.01743474,6.8265686
8,DUOX2,0.8862501,65.64911
8,DUOXA2,0.97640353,49.630997
8,S100A8,1.1068511,64.40791
8,S100A9,0.62247944,67.04126
8,IFI27,0.055711977,58.604496
8,IFITM3,0.39636755,71.56995
8,FOS,-0.66721934,11.774572
8,JUN,-0.5882865,19.272057
8,ATF3,-0.2645895,9.275411
8,DUSP1,-0.36902472,28.228783
8,IER2,-0.3407339,35.256622
8,HSPA1A,-0.31232998,26.920498
8,CD74,-0.10688025,49.53036
8,HLA-DRA,-0.47084188,28.178463
8,HLA-DRB1,-0.32467255,29.620934
8,HLA-DPA1,-0.30743653,9.275411
8,MMP7,-0.04218964,3.8913116
8,PIP,0.4174815,18.651459
8,TCN1,0.1618469,33.26065
8,CLU,-0.23127653,39.533714
8,MALAT1,0.43303385,87.40356
8,XIST,-0.33283645,16.236162
8,HBB,-0.032266404,8.587723
8,HBA2,-0.12958284,1.3753774
9,MUC5AC,-0.31524438,26.606146
9,MUC5B,0.47456056,27.810755
9,MUC2,-0.28599542,2.4615922
9,BPIFB1,-0.054101042,48.847763
9,PIGR,0.022587735,61.138268
9,AGR2,0.5497202,88.84428
9,CLCA1,-0.0403889,0.0
9,TFF3,0.28831354,51.69343
9,SCGB1A1,1.1239887,88.058655
9,SCGB3A1,0.15822312,51.152237
9,SCGB3A2,-0.010918928,0.0
9,SLPI,1.0341791,97.084496
9,WFDC2,0.4337453,79.60894
9,MSMB,0.5860695,68.36592
9,VMO1,0.43996462,77.95042
9,LCN2,-0.31350476,32.26257
9,SAA1,-0.5050112,2.0425978
9,SAA2,-0.4166493,0.6459497
9,IL8,-0.18186688,0.0174581
9,CXCL1,-0.0008632966,28.648743
9,CXCL2,-0.1868531,1.6934358
9,DUOX2,-0.5692224,1.2569833
9,DUOXA2,-0.41291258,0.19203912
9,S100A8,-0.48763824,1.7807262
9,S100A9,-0.121658795,39.664806
9,IFI27,-0.05823907,53.14246
9,IFITM3,-0.2304963,42.807262
9,FOS,0.58771455,74.80796
9,JUN,0.6505843,75.52374
9,ATF3,-0.10216418,17.772346
9,DUSP1,0.16955668,54.83589
9,IER2,0.49579352,72.15433
9,HSPA1A,0.78410244,72.18925
9,CD74,-0.6323153,16.916899
9,HLA-DRA,0.07732807,56.7912
9,HLA-DRB1,-0.19837938,42.73743
9,HLA-DPA1,-0.30823588,10.876396
9,MMP7,-0.007814098,5.2025137
9,PIP,-0.23331803,0.41899443
9,TCN1,-0.28639936,14.490223
9,CLU,0.48421463,72.433655
9,MALAT1,0.94350797,99.30168
9,XIST,-0.63556904,0.2269553
9,HBB,0.36302745,27.67109
9,HBA2,0.705554,18.680168
10,MUC5AC,1.4471573,97.59081
10,MUC5B,-0.23010297,2.3150764
10,MUC2,1.9383658,64.20101
10,BPIFB1,0.23274854,73.29193
10,PIGR,0.3185023,80.57594
10,AGR2,0.6404822,84.490875
10,CLCA1,-0.0403889,0.0
10,TFF3,-0.32533562,18.219461
10,SCGB1A1,-0.5824588,15.41502
10,SCGB3A1,-0.3415804,29.644268
10,SCGB3A2,-0.010918928,0.0
10,SLPI,-0.22112925,30.284208
10,WFDC2,0.4030809,90.04329
10,MSMB,-1.0182652,4.573687
10,VMO1,0.055796202,65.42443
10,LCN2,1.2520187,98.90834
10,SAA1,1.5284864,74.25184
10,SAA2,0.5834394,33.20158
10,IL8,-0.18010563,0.03764352
10,CXCL1,0.42526868,37.323547
10,CXCL2,0.23536183,8.846227
10,DUOX2,0.4486311,41.55844
10,DUOXA2,0.81487113,40.974964
10,S100A8,0.45843995,45.774517
10,S100A9,-0.12538496,37.737625
10,IFI27,0.37034497,81.21589
10,IFITM3,0.05779044,54.71485
10,FOS,1.2521688,91.6055
10,JUN,0.40536994,65.462074
10,ATF3,0.8971349,41.144363
10,DUSP1,0.8056655,68.32298
10,IER2,0.42192924,59.815544
10,HSPA1A,-0.42259824,14.398644
10,CD74,0.9841484,95.12516
10,HLA-DRA,0.114255406,52.079803
10,HLA-DRB1,0.24010937,47.694336
10,HLA-DPA1,0.4800842,31.225296
10,MMP7,-0.17870216,0.41407868
10,PIP,-0.19100866,1.1104836
10,TCN1,-0.19963492,12.591755
10,CLU,-0.28486773,33.973274
10,MALAT1,-1.3513942,1.1481272
10,XIST,-0.6278843,0.48936573
10,HBB,-0.21158133,1.5245624
10,HBA2,-0.060260985,1.5433842
11,MUC5AC,-0.8679086,2.2939506
11,MUC5B,-0.29802355,0.46691027
11,MUC2,-0.3227598,0.0
11,BPIFB1,-1.1064712,3.227771
11,PIGR,-1.3175226,13.763703
11,AGR2,-0.77432156,20.46285
11,CLCA1,-0.0403889,0.0
11,TFF3,-0.5736201,3.2683718
11,SCGB1A1,-0.52099174,12.667479
11,SCGB3A1,-0.56349117,9.54121
11,SCGB3A2,-0.008886667,0.020300448
11,SLPI,-0.6884487,16.138855
11,WFDC2,-0.7137921,24.908648
11,MSMB,-0.74334383,13.865206
11,VMO1,-0.8881568,18.940315
11,LCN2,-1.2620704,5.9277306
11,SAA1,-0.38956445,11.469752
11,SAA2,-0.33295888,6.7803493
11,IL8,-0.08613416,3.2683718
11,CXCL1,-0.405487,7.8765736
11,CXCL2,-0.1650838,2.3751523
11,DUOX2,-0.3552297,18.067398
11,DUOXA2,-0.38361752,2.9029639
11,S100A8,-0.1171976,24.03573
11,S100A9,0.61594313,67.27568
11,IFI27,0.59464544,83.942345
11,IFITM3,-0.3338379,35.221275
11,FOS,-0.5628681,14.210312
11,JUN,-0.45820072,20.950062
11,ATF3,-0.2987391,7.1660576
11,DUSP1,-0.4320897,21.924482
11,IER2,-0.47768137,21.741777
11,HSPA1A,-0.13701802,44.011368
11,CD74,-0.026591638,54.5473
11,HLA-DRA,0.14082418,55.96833
11,HLA-DRB1,-0.0657281,43.199352
11,HLA-DPA1,-0.25425076,16.34186
11,MMP7,-0.085625,3.816484
11,PIP,-0.2106855,1.4413316
11,TCN1,-0.033758458,31.932602
11,CLU,-0.5266079,21.254568
11,MALAT1,0.75830096,96.10232
11,XIST,0.44964033,55.765324
11,HBB,0.006682148,13.053187
11,HBA2,-0.03794295,3.410475
12,MUC5AC,0.21515767,51.313835
12,MUC5B,1.3964534,49.62816
12,MUC2,0.57520854,33.88696
12,BPIFB1,0.8186667,81.18493
12,PIGR,0.20071356,72.33515
12,AGR2,0.552857,82.32524
12,CLCA1,0.07166303,1.2394645
12,TFF3,1.1135002,77.887955
12,SCGB1A1,0.65552276,61.5766
12,SCGB3A1,0.16156222,43.30689
12,SCGB3A2,-0.0034740204,0.07436787
12,SLPI,0.9435965,90.70402
12,WFDC2,0.08388889,59.51909
12,MSMB,0.2324212,53.19782
12,VMO1,0.288322,70.57511
12,LCN2,0.06360094,51.95835
12,SAA1,-0.10772118,23.822508
12,SAA2,-0.17458504,14.700049
12,IL8,-0.1826184,0.0
12,CXCL1,0.3963214,43.38126
12,CXCL2,0.123703755,11.229548
12,DUOX2,-0.55527705,2.379772
12,DUOXA2,-0.40328023,0.79325736
12,S100A8,-0.43849936,5.3049083
12,S100A9,-0.5820103,11.279128
12,IFI27,-0.44538033,34.779377
12,IFITM3,-0.14260447,43.604362
12,FOS,0.13985027,51.289047
12,JUN,0.2207905,58.42836
12,ATF3,-0.039083507,21.244423
12,DUSP1,0.18403137,48.388695
12,IER2,0.11868106,52.900345
12,HSPA1A,0.0016830693,49.62816
12,CD74,-0.2352611,41.918694
12,HLA-DRA,-0.026188852,49.504215
12,HLA-DRB1,-0.058917653,42.166584
12,HLA-DPA1,0.020095928,30.540407
12,MMP7,0.17843865,12.444224
12,PIP,-0.17699385,3.891919
12,TCN1,-0.3063035,15.220624
12,CLU,0.12576313,54.610806
12,MALAT1,-0.7322939,30.143776
12,XIST,0.17891103,47.99207
12,HBB,-0.11573537,10.436292
12,HBA2,0.32533786,12.692118
13,MUC5AC,0.708712,71.39907
13,MUC5B,-0.27807087,1.1615901
13,MUC2,-0.28736287,1.1099639
13,BPIFB1,0.82180876,86.03511
13,PIGR,0.6012798,86.73206
13,AGR2,0.11868009,58.079506
13,CLCA1,-0.0403889,0.0
13,TFF3,0.19741459,34.486317
13,SCGB1A1,0.32186463,55.110996
13,SCGB3A1,1.3154536,88.46153
13,SCGB3A2,-0.008334798,0.025813112
13,SLPI,0.32632452,77.3619
13,WFDC2,0.63629556,83.04079
13,MSMB,0.835105,80.87248
13,VMO1,0.8663986,89.958694
13,LCN2,0.39501747,77.20702
13,SAA1,-0.44620776,5.2658753
13,SAA2,-0.38167307,2.1424885
13,IL8,-0.093307145,2.4522457
13,CXCL1,-0.31905264,10.789881
13,CXCL2,-0.20534359,0.7743934
13,DUOX2,-0.33303413,14.068146
13,DUOXA2,-0.29118636,5.8337636
13,S100A8,-0.3715891,10.325246
13,S100A9,-0.5187264,19.721218
13,IFI27,-0.08690364,53.794525
13,IFITM3,0.10926297,62.08054
13,FOS,-0.67472595,13.035623
13,JUN,-0.67514944,16.572018
13,ATF3,-0.38576406,2.0650492
13,DUSP1,-0.62158704,13.035623
13,IER2,-0.5573384,24.88384
13,HSPA1A,-0.48039734,16.442953
13,CD74,0.21197818,66.75271
13,HLA-DRA,-0.40154785,35.647907
13,HLA-DRB1,-0.27699357,33.58286
13,HLA-DPA1,-0.3973457,5.033557
13,MMP7,-0.04737819,3.226639
13,PIP,-0.047047857,5.162623
13,TCN1,0.022972083,25.271038
13,CLU,0.24297595,61.409397
13,MALAT1,0.55520874,96.644295
13,XIST,-0.24898116,20.676304
13,HBB,0.30306458,17.268972
13,HBA2,-0.1237912,0.8518327
14,MUC5AC,-0.016338175,54.699306
14,MUC5B,-0.3016727,0.09066183
14,MUC2,-0.2500698,2.9313993
14,BPIFB1,0.19579771,67.51285
14,PIGR,0.49235696,80.84013
14,AGR2,0.14308679,66.032036
14,CLCA1,-0.0403889,0.0
14,TFF3,-0.39513904,13.417952
14,SCGB1A1,-0.33259562,29.857964
14,SCGB3A1,-0.15105659,37.836205
14,SCGB3A2,-0.010918928,0.0
14,SLPI,-0.8726517,7.676035
14,WFDC2,-0.8286473,6.2254457
14,MSMB,0.49002048,80.26594
14,VMO1,0.39509204,75.97462
14,LCN2,-0.99510765,16.228468
14,SAA1,-0.42732003,4.9259596
14,SAA2,-0.3164112,4.0193415
14,IL8,1.5303357,27.10789
14,CXCL1,-0.12835501,14.868541
14,CXCL2,0.0146250175,4.2611065
14,DUOX2,0.28765395,33.212452
14,DUOXA2,0.08877188,17.104866
14,S100A8,-0.28046384,11.8767
14,S100A9,-0.17386256,31.852522
14,IFI27,-0.47443518,43.185253
14,IFITM3,-0.52580214,30.492596
14,FOS,0.7545561,71.86461
14,JUN,0.79161966,70.77667
14,ATF3,1.580733,54.064674
14,DUSP1,0.6733369,58.02357
14,IER2,0.25417307,51.163494
14,HSPA1A,-0.41620526,15.261409
14,CD74,-0.77743804,30.039288
14,HLA-DRA,-0.67528385,17.920822
14,HLA-DRB1,-0.49176475,17.76972
14,HLA-DPA1,-0.46234894,1.6016923
14,MMP7,-0.11828051,1.4203687
14,PIP,0.21740149,8.703536
14,TCN1,-0.02039833,17.76972
14,CLU,-0.04205367,42.308853
14,MALAT1,0.21696334,73.43608
14,XIST,0.22806554,32.60804
14,HBB,-0.2687645,0.030220611
14,HBA2,-0.17070903,0.030220611
15,MUC5AC,-0.5817213,14.185527
15,MUC5B,0.6467702,36.085434
15,MUC2,-0.3227598,0.0
15,BPIFB1,0.27742144,62.480076
15,PIGR,0.20925674,75.54989
15,AGR2,0.5973456,93.05068
15,CLCA1,-0.0403889,0.0
15,TFF3,0.39633697,69.68441
15,SCGB1A1,1.4628501,96.23845
15,SCGB3A1,-0.008750661,43.576668
15,SCGB3A2,-0.010918928,0.0
15,SLPI,1.4975528,99.36245
15,WFDC2,0.0810859,59.64297
15,MSMB,0.184172,53.203697
15,VMO1,0.74099475,89.54415
15,LCN2,-0.13138664,46.254383
15,SAA1,-0.4494737,5.961109
15,SAA2,-0.3731384,3.3152692
15,IL8,-0.1826184,0.0
15,CXCL1,-0.21047392,19.094675
15,CXCL2,-0.18388297,1.7851449
15,DUOX2,-0.56409264,1.8489001
15,DUOXA2,-0.41008213,0.38253108
15,S100A8,-0.49358663,1.7532674
15,S100A9,-0.4136993,25.310806
15,IFI27,-0.5037669,29.964935
15,IFITM3,-0.24431372,41.377113
15,FOS,0.85874575,87.24896
15,JUN,1.3694258,92.28562
15,ATF3,0.24582878,35.160984
15,DUSP1,0.7073288,79.12018
15,IER2,1.0550617,85.40006
15,HSPA1A,0.54554516,72.29837
15,CD74,-0.5543022,17.277653
15,HLA-DRA,0.28619555,67.803635
15,HLA-DRB1,0.20953742,64.042076
15,HLA-DPA1,0.13619843,35.639145
15,MMP7,-0.1687118,1.0838381
15,PIP,-0.23915412,0.15938796
15,TCN1,-0.47181875,4.144087
15,CLU,0.74597234,84.44373
15,MALAT1,0.9252727,99.394325
15,XIST,1.0025597,85.75072
15,HBB,-0.054646116,9.818297
15,HBA2,0.38831416,13.2292
16,MUC5AC,0.47215307,65.86257
16,MUC5B,-0.29261953,0.58479536
16,MUC2,0.21420053,19.517544
16,BPIFB1,0.060159802,54.459064
16,PIGR,0.35389546,74.853806
16,AGR2,0.27678767,67.39766
16,CLCA1,-0.022040237,0.18274854
16,TFF3,0.4845442,55.372803
16,SCGB1A1,-0.5179805,14.839181
16,SCGB3A1,-0.56049275,11.988304
16,SCGB3A2,-0.010918928,0.0
16,SLPI,0.53468996,85.01462
16,WFDC2,0.10128938,58.26023
16,MSMB,0.26758796,67.909355
16,VMO1,0.0180299,56.834793
16,LCN2,0.33518773,70.28509
16,SAA1,-0.024471974,24.817253
16,SAA2,-0.059392676,15.314327
16,IL8,-0.18098989,0.03654971
16,CXCL1,0.12520418,27.850878
16,CXCL2,-0.15420993,2.2295322
16,DUOX2,-0.15404713,21.271929
16,DUOXA2,-0.17017242,9.649122
16,S100A8,-0.27468017,13.852339
16,S100A9,-0.49403888,19.773392
16,IFI27,-0.07388876,55.409355
16,IFITM3,-0.4658015,37.9386
16,FOS,-0.8099599,3.252924
16,JUN,-0.72921026,12.682748
16,ATF3,-0.3407599,3.874269
16,DUSP1,-0.62922186,12.53655
16,IER2,-0.6177689,21.162281
16,HSPA1A,0.05736205,41.30117
16,CD74,-0.41752794,35.672516
16,HLA-DRA,-0.47407985,31.725147
16,HLA-DRB1,-0.45369372,23.355263
16,HLA-DPA1,-0.37964457,5.738304
16,MMP7,-0.15328498,0.9502924
16,PIP,-0.11820479,3.4722223
16,TCN1,0.10625395,28.216373
16,CLU,-0.57005006,24.086258
16,MALAT1,-1.3542767,0.9502924
16,XIST,0.67572767,62.134506
16,HBB,-0.25550133,0.58479536
16,HBA2,-0.14763433,0.4751462
17,MUC5AC,0.10689003,44.84725
17,MUC5B,0.81242055,46.680244
17,MUC2,-0.3227598,0.0
17,BPIFB1,0.84732705,89.61303
17,PIGR,0.0028257743,54.704685
17,AGR2,1.0391929,99.47047
17,CLCA1,-0.0403889,0.0
17,TFF3,0.33570963,52.74949
17,SCGB1A1,1.8798018,97.148674
17,SCGB3A1,1.888158,99.2668
17,SCGB3A2,-0.010918928,0.0
17,SLPI,1.1334835,98.45214
17,WFDC2,0.84011424,97.47454
17,MSMB,1.0935509,87.78004
17,VMO1,0.7564239,92.74949
17,LCN2,-0.29952914,30.549898
17,SAA1,-0.50184584,2.6476579
17,SAA2,-0.4130234,1.0183299
17,IL8,-0.1826184,0.0
17,CXCL1,0.3445066,43.340122
17,CXCL2,0.25090495,14.460285
17,DUOX2,-0.5694102,1.5478615
17,DUOXA2,-0.41245413,0.203666
17,S100A8,-0.50623435,0.48879838
17,S100A9,-0.63986087,6.1099796
17,IFI27,-0.68853116,18.818737
17,IFITM3,-0.4242828,27.454176
17,FOS,1.6623194,99.348274
17,JUN,1.7002724,98.73727
17,ATF3,1.2893037,71.975555
17,DUSP1,1.5641774,97.881874
17,IER2,1.8668296,98.004074
17,HSPA1A,-0.12709536,47.576374
17,CD74,-0.950358,4.317719
17,HLA-DRA,-0.45522466,25.580448
17,HLA-DRB1,-0.62022394,12.99389
17,HLA-DPA1,-0.42405888,6.5987782
17,MMP7,0.16464259,11.934827
17,PIP,-0.22484815,0.8961303
17,TCN1,-0.034470312,30.957232
17,CLU,1.3077403,94.378815
17,MALAT1,0.94359416,99.91853
17,XIST,-0.5999785,1.9144602
17,HBB,-0.25068942,1.3034623
17,HBA2,-0.1521177,0.65173113
18,MUC5AC,0.12130512,57.70263
18,MUC5B,-0.16774608,7.7831454
18,MUC2,-0.12744693,15.0831995
18,BPIFB1,0.8702817,91.035965
18,PIGR,0.5964317,96.77939
18,AGR2,-0.31057468,28.287708
18,CLCA1,-0.0403889,0.0
18,TFF3,0.1096201,43.31723
18,SCGB1A1,-0.2329666,24.584003
18,SCGB3A1,1.1833915,82.179276
18,SCGB3A2,-0.010918928,0.0
18,SLPI,0.33605832,68.33065
18,WFDC2,0.6998298,96.242615
18,MSMB,-0.43252861,24.745035
18,VMO1,0.34191704,72.19538
18,LCN2,0.9384121,95.54482
18,SAA1,0.3345919,55.555557
18,SAA2,0.31564122,43.531937
18,IL8,-0.1826184,0.0
18,CXCL1,-0.022492418,31.88406
18,CXCL2,-0.1257422,5.904455
18,DUOX2,0.88554746,71.55126
18,DUOXA2,0.81505656,55.394524
18,S100A8,-0.2741027,18.625872
18,S100A9,-0.04188869,44.283413
18,IFI27,1.6016843,99.78529
18,IFITM3,1.83121,99.62427
18,FOS,-0.35895136,26.03328
18,JUN,-0.33462197,30.434782
18,ATF3,-0.31780717,11.325818
18,DUSP1,-0.19984072,36.768654
18,IER2,-0.030511381,49.919487
18,HSPA1A,-0.213287,38.86205
18,CD74,1.2841477,99.838974
18,HLA-DRA,0.73740005,88.19109
18,HLA-DRB1,1.2515323,95.86688
18,HLA-DPA1,1.2421497,82.8234
18,MMP7,-0.033635125,6.2265167
18,PIP,-0.044927172,9.930221
18,TCN1,-0.3939042,12.936124
18,CLU,0.30758783,61.67472
18,MALAT1,-1.3738408,0.107353725
18,XIST,-0.63538355,0.26838434
18,HBB,-0.26718858,0.107353725
18,HBA2,-0.15871185,0.26838434
19,MUC5AC,-0.07319232,43.438915
19,MUC5B,2.4344332,72.139626
19,MUC2,-0.3200403,0.12928249
19,BPIFB1,1.0189124,81.38332
19,PIGR,0.11642981,66.83904
19,AGR2,0.32666838,64.89981
19,CLCA1,-0.0403889,0.0
19,TFF3,1.63063,86.48998
19,SCGB1A1,1.5069299,81.25404
19,SCGB3A1,2.2138925,93.859085
19,SCGB3A2,0.15153569,1.6806724
19,SLPI,0.5464924,82.87007
19,WFDC2,-0.24628125,53.652233
19,MSMB,1.1706281,83.193275
19,VMO1,-0.42894626,36.78087
19,LCN2,0.20946488,65.74014
19,SAA1,0.23273137,36.78087
19,SAA2,0.27191538,29.799614
19,IL8,2.6423793,56.62573
19,CXCL1,1.373539,71.81642
19,CXCL2,1.0859109,33.484165
19,DUOX2,-0.5599633,1.8745961
19,DUOXA2,-0.40743276,0.64641243
19,S100A8,-0.40007272,8.468003
19,S100A9,-0.30333862,26.438269
19,IFI27,-0.6148243,27.08468
19,IFITM3,-0.5049493,24.305107
19,FOS,0.30427006,59.987076
19,JUN,0.40319726,60.504204
19,ATF3,0.6733508,47.705235
19,DUSP1,0.35962594,58.3064
19,IER2,0.100952275,54.363285
19,HSPA1A,0.041125443,38.073692
19,CD74,0.013946384,56.62573
19,HLA-DRA,0.48937887,67.420815
19,HLA-DRB1,0.32777715,61.150616
19,HLA-DPA1,0.63953334,54.815777
19,MMP7,0.1008502,9.825469
19,PIP,0.12175181,10.471881
19,TCN1,0.0656952,28.765354
19,CLU,0.24178445,62.3788
19,MALAT1,0.7213712,92.50162
19,XIST,-0.4832308,9.502263
19,HBB,0.034536798,16.742083
19,HBA2,0.07763769,8.597285
20,MUC5AC,-0.7814632,7.455197
20,MUC5B,0.38262677,25.01792
20,MUC2,-0.30864754,1.2186381
20,BPIFB1,0.2650631,61.50538
20,PIGR,0.45203272,80.71685
20,AGR2,-0.28341118,37.992832
20,CLCA1,-0.036305446,0.071684584
20,TFF3,-0.36841142,16.774195
20,SCGB1A1,-0.34756818,24.301075
20,SCGB3A1,1.9888648,95.197136
20,SCGB3A2,-0.00041041907,0.14336917
20,SLPI,1.3845077,96.84588
20,WFDC2,0.81708723,91.1828
20,MSMB,-0.11233434,40.28674
20,VMO1,0.21841022,62.7957
20,LCN2,0.97037417,90.96774
20,SAA1,0.8898955,59.928314
20,SAA2,0.9160017,50.10753
20,IL8,-0.010191368,5.6630826
20,CXCL1,-0.33815804,10.32258
20,CXCL2,0.025411945,7.6702504
20,DUOX2,-0.17168272,26.164875
20,DUOXA2,-0.23061249,10.609319
20,S100A8,-0.018453185,25.16129
20,S100A9,0.4618596,55.985664
20,IFI27,-0.5292982,34.05018
20,IFITM3,0.2426953,66.236565
20,FOS,-0.15442845,35.985664
20,JUN,-0.112784915,38.56631
20,ATF3,-0.13578166,15.053764
20,DUSP1,-0.22283132,30.17921
20,IER2,-0.1378581,38.853046
20,HSPA1A,0.16972093,43.870968
20,CD74,0.07079947,60.931896
20,HLA-DRA,0.1960883,60.071682
20,HLA-DRB1,0.3558102,62.580647
20,HLA-DPA1,0.102465294,31.39785
20,MMP7,1.837899,37.706093
20,PIP,2.7733526,64.44444
20,TCN1,1.2117575,60.860218
20,CLU,2.1424398,97.06093
20,MALAT1,0.33341,74.76702
20,XIST,0.37897983,54.83871
20,HBB,-0.15990879,5.519713
20,HBA2,-0.022683993,3.799283
21,MUC5AC,-0.60863674,14.497816
21,MUC5B,1.3235908,75.021835
21,MUC2,-0.29616213,1.39738
21,BPIFB1,1.0448388,91.44105
21,PIGR,-0.46932873,19.126637
21,AGR2,-0.21346012,37.379913
21,CLCA1,-0.034775686,0.08733625
21,TFF3,0.82871085,71.79039
21,SCGB1A1,2.1281712,97.55458
21,SCGB3A1,0.9505674,77.90393
21,SCGB3A2,-0.0021757672,0.08733625
21,SLPI,0.73589694,85.15284
21,WFDC2,-1.1555282,1.8340611
21,MSMB,-0.7345775,8.995633
21,VMO1,-0.08587176,48.995632
21,LCN2,-0.49098796,19.475983
21,SAA1,-0.36891073,9.170305
21,SAA2,-0.33576494,6.2882094
21,IL8,-0.1826184,0.0
21,CXCL1,0.045880213,33.44978
21,CXCL2,0.088332154,16.768559
21,DUOX2,-0.56085193,1.4847162
21,DUOXA2,-0.41396162,0.26200873
21,S100A8,-0.49927446,0.7860262
21,S100A9,-0.49620393,13.275109
21,IFI27,-0.8917742,11.965065
21,IFITM3,-0.606369,13.100436
21,FOS,0.6045016,81.83406
21,JUN,0.7894194,81.659386
21,ATF3,0.06555295,43.93013
21,DUSP1,0.66282403,80.174675
21,IER2,0.4975814,74.32314
21,HSPA1A,0.076094136,54.323143
21,CD74,-1.022353,2.0087337
21,HLA-DRA,-0.35106114,25.58952
21,HLA-DRB1,-0.38842553,20.349344
21,HLA-DPA1,-0.3711112,12.751092
21,MMP7,0.38896498,25.414848
21,PIP,-0.10066901,6.4628825
21,TCN1,-0.51167786,1.746725
21,CLU,0.6771554,87.24891
21,MALAT1,0.5714871,99.03931
21,XIST,0.0475135,39.912666
21,HBB,-0.19109719,5.8515286
21,HBA2,-0.14223127,1.1353712
