,MUC5AC,MUC5B,MUC2,BPIFB1,PIGR,AGR2,CLCA1,TFF3,SCGB1A1,SCGB3A1,SCGB3A2,SLPI,WFDC2,MSMB,VMO1,LCN2,SAA1,SAA2,IL8,CXCL1,CXCL2,DUOX2,DUOXA2,S100A8,S100A9,IFI27,IFITM3,FOS,JUN,ATF3,DUSP1,IER2,HSPA1A,CD74,HLA-DRA,HLA-DRB1,HLA-DPA1,MMP7,PIP,TCN1,CLU,MALAT1,XIST,HBB,HBA2
0,6.651119,0.19589554,0.12126865,8.162313,27.052238,24.54291,0.018656716,4.1791043,13.973882,14.365671,0.009328358,35.6903,53.880596,35.699627,33.00373,34.84142,4.477612,3.1623132,0.92350745,4.664179,0.7742537,23.041044,10.046641,53.227608,67.42537,64.906715,63.731342,12.313433,18.17164,1.7817163,19.309702,25.634327,22.10821,71.56717,44.4403,34.608208,9.048508,2.2574627,3.06903,38.143654,36.576492,95.61568,13.7873125,9.785448,0.44776118
1,63.45966,5.611247,13.581907,60.709045,72.713936,44.608803,0.26894867,27.432764,31.992664,35.220047,0.0,41.173595,46.797066,46.76039,52.139366,60.525673,15.256723,8.01956,1.1002445,15.061125,1.992665,20.586798,9.08313,17.640587,17.726162,39.53545,35.342297,20.12225,22.02934,4.3154035,17.176039,21.870415,14.706601,56.650364,26.821514,23.545233,11.198044,1.5525672,3.1173594,14.633252,31.491444,51.760395,26.78484,15.427873,1.9804401
2,26.832882,9.158233,31.115774,37.299435,66.35399,36.102196,0.06171316,48.716366,30.634413,16.255245,0.0,36.274994,51.666252,23.50037,19.995064,49.8272,22.488276,16.18119,0.024685264,29.140953,4.8136263,21.130585,6.7514195,12.354975,30.214764,81.85633,70.39003,45.07529,60.738087,13.255986,47.679585,59.540855,42.80425,91.31079,81.25154,79.671684,60.540604,5.6158977,1.3576895,18.871883,30.301159,2.0859048,34.744507,2.0982475,2.6289806
3,74.47819,4.5869265,30.946133,61.21735,77.97775,46.944134,0.024996875,32.270966,12.623422,19.822521,0.0,43.34458,82.802155,32.55843,69.153854,88.313965,50.531185,38.73266,0.024996875,30.408699,11.711037,70.66616,52.105988,31.621048,44.70691,76.340454,79.79002,42.19473,45.14436,25.546806,56.442947,58.767654,55.993004,75.65304,60.392452,67.10411,42.007248,5.1493564,11.861017,25.19685,34.758156,0.7374078,39.945007,3.337083,3.0496187
4,67.24376,2.2456403,0.0,49.68009,71.07013,52.741188,0.0,25.015682,26.884958,50.031364,0.0,41.83917,73.253044,68.97504,79.01141,70.60594,46.33045,36.770794,16.848576,29.632416,10.600928,56.27901,31.551876,29.594782,52.440094,92.27198,49.54209,20.3864,24.225317,20.260946,31.79024,36.44461,39.856983,69.41412,69.56467,65.07339,35.089703,4.579099,15.518756,35.578976,39.6688,96.44963,54.94919,20.687492,5.595283
5,45.34177,3.1898732,15.278481,63.658226,70.93671,79.215195,1.7974684,19.772152,27.734179,15.354431,0.0,31.759495,12.0,59.607594,22.70886,36.481014,12.012658,4.708861,0.0,21.873417,2.278481,23.506329,1.050633,8.92405,24.70886,13.481012,36.78481,53.012657,46.151897,10.240506,42.58228,37.97468,68.72152,32.70886,43.215187,12.696202,2.3670886,5.392405,6.607595,30.64557,54.949368,52.1519,0.278481,0.29113925,0.278481
6,26.765114,12.674973,0.046146747,14.828488,15.79757,13.936317,0.0,48.069527,34.517765,54.13013,0.015382249,10.644516,16.028303,21.55053,16.61283,22.750347,83.54099,75.034615,10.475311,63.036453,24.334719,51.06907,40.686047,69.80464,89.50931,47.0543,85.97139,50.56145,64.42086,33.45639,45.30072,65.574524,44.208584,24.48854,91.601295,88.92478,57.52961,12.428858,14.890017,51.838177,65.09768,23.904015,67.11275,27.534225,8.983233
7,36.46366,8.941577,0.0154966675,68.49527,45.188286,90.40756,0.0,54.207344,83.66651,69.84348,0.0,91.6473,94.91709,77.04943,82.19433,22.687122,2.432977,0.92980003,0.10847668,12.505812,1.2087401,2.5724468,0.77483344,7.670851,34.030685,35.95227,35.44088,77.94824,71.65659,19.479313,55.896484,64.74508,58.51542,12.428328,22.191229,8.926081,2.8823802,2.2315202,1.5806602,16.147528,63.148922,98.96172,59.941113,0.38741672,0.32543004
8,52.91848,1.0902381,3.3545787,45.48809,56.088562,35.424355,0.016772896,12.210668,11.640389,26.383764,0.0,52.935253,79.704796,44.817177,71.83831,92.30125,37.034554,29.956392,5.9543777,19.64106,6.8265686,65.64911,49.630997,64.40791,67.04126,58.604496,71.56995,11.774572,19.272057,9.275411,28.228783,35.256622,26.920498,49.53036,28.178463,29.620934,9.275411,3.8913116,18.651459,33.26065,39.533714,87.40356,16.236162,8.587723,1.3753774
9,26.606146,27.810755,2.4615922,48.847763,61.138268,88.84428,0.0,51.69343,88.058655,51.152237,0.0,97.084496,79.60894,68.36592,77.95042,32.26257,2.0425978,0.6459497,0.0174581,28.648743,1.6934358,1.2569833,0.19203912,1.7807262,39.664806,53.14246,42.807262,74.80796,75.52374,17.772346,54.83589,72.15433,72.18925,16.916899,56.7912,42.73743,10.876396,5.2025137,0.41899443,14.490223,72.433655,99.30168,0.2269553,27.67109,18.680168
10,97.59081,2.3150764,64.20101,73.29193,80.57594,84.490875,0.0,18.219461,15.41502,29.644268,0.0,30.284208,90.04329,4.573687,65.42443,98.90834,74.25184,33.20158,0.03764352,37.323547,8.846227,41.55844,40.974964,45.774517,37.737625,81.21589,54.71485,91.6055,65.462074,41.144363,68.32298,59.815544,14.398644,95.12516,52.079803,47.694336,31.225296,0.41407868,1.1104836,12.591755,33.973274,1.1481272,0.48936573,1.5245624,1.5433842
11,2.2939506,0.46691027,0.0,3.227771,13.763703,20.46285,0.0,3.2683718,12.667479,9.54121,0.020300448,16.138855,24.908648,13.865206,18.940315,5.9277306,11.469752,6.7803493,3.2683718,7.8765736,2.3751523,18.067398,2.9029639,24.03573,67.27568,83.942345,35.221275,14.210312,20.950062,7.1660576,21.924482,21.741777,44.011368,54.5473,55.96833,43.199352,16.34186,3.816484,1.4413316,31.932602,21.254568,96.10232,55.765324,13.053187,3.410475
12,51.313835,49.62816,33.88696,81.18493,72.33515,82.32524,1.2394645,77.887955,61.5766,43.30689,0.07436787,90.70402,59.51909,53.19782,70.57511,51.95835,23.822508,14.700049,0.0,43.38126,11.229548,2.379772,0.79325736,5.3049083,11.279128,34.779377,43.604362,51.289047,58.42836,21.244423,48.388695,52.900345,49.62816,41.918694,49.504215,42.166584,30.540407,12.444224,3.891919,15.220624,54.610806,30.143776,47.99207,10.436292,12.692118
13,71.39907,1.1615901,1.1099639,86.03511,86.73206,58.079506,0.0,34.486317,55.110996,88.46153,0.025813112,77.3619,83.04079,80.87248,89.958694,77.20702,5.2658753,2.1424885,2.4522457,10.789881,0.7743934,14.068146,5.8337636,10.325246,19.721218,53.794525,62.08054,13.035623,16.572018,2.0650492,13.035623,24.88384,16.442953,66.75271,35.647907,33.58286,5.033557,3.226639,5.162623,25.271038,61.409397,96.644295,20.676304,17.268972,0.8518327
14,54.699306,0.09066183,2.9313993,67.51285,80.84013,66.032036,0.0,13.417952,29.857964,37.836205,0.0,7.676035,6.2254457,80.26594,75.97462,16.228468,4.9259596,4.0193415,27.10789,14.868541,4.2611065,33.212452,17.104866,11.8767,31.852522,43.185253,30.492596,71.86461,70.77667,54.064674,58.02357,51.163494,15.261409,30.039288,17.920822,17.76972,1.6016923,1.4203687,8.703536,17.76972,42.308853,73.43608,32.60804,0.030220611,0.030220611
15,14.185527,36.085434,0.0,62.480076,75.54989,93.05068,0.0,69.68441,96.23845,43.576668,0.0,99.36245,59.64297,53.203697,89.54415,46.254383,5.961109,3.3152692,0.0,19.094675,1.7851449,1.8489001,0.38253108,1.7532674,25.310806,29.964935,41.377113,87.24896,92.28562,35.160984,79.12018,85.40006,72.29837,17.277653,67.803635,64.042076,35.639145,1.0838381,0.15938796,4.144087,84.44373,99.394325,85.75072,9.818297,13.2292
16,65.86257,0.58479536,19.517544,54.459064,74.853806,67.39766,0.18274854,55.372803,14.839181,11.988304,0.0,85.01462,58.26023,67.909355,56.834793,70.28509,24.817253,15.314327,0.03654971,27.850878,2.2295322,21.271929,9.649122,13.852339,19.773392,55.409355,37.9386,3.252924,12.682748,3.874269,12.53655,21.162281,41.30117,35.672516,31.725147,23.355263,5.738304,0.9502924,3.4722223,28.216373,24.086258,0.9502924,62.134506,0.58479536,0.4751462
17,44.84725,46.680244,0.0,89.61303,54.704685,99.47047,0.0,52.74949,97.148674,99.2668,0.0,98.45214,97.47454,87.78004,92.74949,30.549898,2.6476579,1.0183299,0.0,43.340122,14.460285,1.5478615,0.203666,0.48879838,6.1099796,18.818737,27.454176,99.348274,98.73727,71.975555,97.881874,98.004074,47.576374,4.317719,25.580448,12.99389,6.5987782,11.934827,0.8961303,30.957232,94.378815,99.91853,1.9144602,1.3034623,0.65173113
18,57.70263,7.7831454,15.0831995,91.035965,96.77939,28.287708,0.0,43.31723,24.584003,82.179276,0.0,68.33065,96.242615,24.745035,72.19538,95.54482,55.555557,43.531937,0.0,31.88406,5.904455,71.55126,55.394524,18.625872,44.283413,99.78529,99.62427,26.03328,30.434782,11.325818,36.768654,49.919487,38.86205,99.838974,88.19109,95.86688,82.8234,6.2265167,9.930221,12.936124,61.67472,0.107353725,0.26838434,0.107353725,0.26838434
19,43.438915,72.139626,0.12928249,81.38332,66.83904,64.89981,0.0,86.48998,81.25404,93.859085,1.6806724,82.87007,53.652233,83.193275,36.78087,65.74014,36.78087,29.799614,56.62573,71.81642,33.484165,1.8745961,0.64641243,8.468003,26.438269,27.08468,24.305107,59.987076,60.504204,47.705235,58.3064,54.363285,38.073692,56.62573,67.420815,61.150616,54.815777,9.825469,10.471881,28.765354,62.3788,92.50162,9.502263,16.742083,8.597285
20,7.455197,25.01792,1.2186381,61.50538,80.71685,37.992832,0.071684584,16.774195,24.301075,95.197136,0.14336917,96.84588,91.1828,40.28674,62.7957,90.96774,59.928314,50.10753,5.6630826,10.32258,7.6702504,26.164875,10.609319,25.16129,55.985664,34.05018,66.236565,35.985664,38.56631,15.053764,30.17921,38.853046,43.870968,60.931896,60.071682,62.580647,31.39785,37.706093,64.44444,60.860218,97.06093,74.76702,54.83871,5.519713,3.799283
21,14.497816,75.021835,1.39738,91.44105,19.126637,37.379913,0.08733625,71.79039,97.55458,77.90393,0.08733625,85.15284,1.8340611,8.995633,48.995632,19.475983,9.170305,6.2882094,0.0,33.44978,16.768559,1.4847162,0.26200873,0.7860262,13.275109,11.965065,13.100436,81.83406,81.659386,43.93013,80.174675,74.32314,54.323143,2.0087337,25.58952,20.349344,12.751092,25.414848,6.4628825,1.746725,87.24891,99.03931,39.912666,5.8515286,1.1353712
